"Name","Link","Floor","7D Sales","Vol.","XP Rank"
"Pudgy Penguins","https://opensea.io/collection/pudgypenguins","8.926 ETH","334","3,032.06 ETH",1
"Kaito Genesis","https://opensea.io/collection/kaito-genesis","3.39 ETH","773","2,565.19 ETH",2
"Doodles","https://opensea.io/collection/doodles-official","3.7373 ETH","258","975.52 ETH",3
"Milady Maker","https://opensea.io/collection/milady","3.82 ETH","228","885.29 ETH",4
"Bored Ape Yacht Club","https://opensea.io/collection/boredapeyachtclub","13.8498 ETH","64","867.52 ETH",5
"Wealthy Hypio Babies","https://opensea.io/collection/hypio","1.0247 ETH","819","779.66 ETH",6
"Lil Pudgys","https://opensea.io/collection/lilpudgys","0.94 ETH","786","717.93 ETH",7
"Azuki","https://opensea.io/collection/azuki","2.88 ETH","211","638.23 ETH",8
"Gemesis","https://opensea.io/collection/gemesis","0.0438 ETH","11,482","636.57 ETH",9
"OCH Genesis Ring","https://opensea.io/collection/och-genesis-ring","1.389 ETH","386","459.92 ETH",10
"Mutant Ape Yacht Club","https://opensea.io/collection/mutant-ape-yacht-club","2.125 ETH","165","360.77 ETH",11
"Memeland Captainz","https://opensea.io/collection/memelandcaptainz","1.104 ETH","243","328.69 ETH",12
"Meebits","https://opensea.io/collection/meebits","0.93 ETH","303","281.25 ETH",13
"Azuki Elementals","https://opensea.io/collection/azukielementals","0.2729 ETH","551","191.58 ETH",14
"Redacted Remilio Babies","https://opensea.io/collection/remilio-babies","0.7588 ETH","191","148.49 ETH",15
"Jirasan","https://opensea.io/collection/jirasan","0.40 ETH","308","131.91 ETH",16
"The Band Bears","https://opensea.io/collection/the-band-bears","12.00 ETH","14","112.75 ETH",17
"Mocaverse","https://opensea.io/collection/mocaverse","2.05 ETH","50","101.23 ETH",18
"MEMORIA - AL","https://opensea.io/collection/memoria-al","0.177 ETH","310","94.15 ETH",19
"MetaWinners","https://opensea.io/collection/metawinners-1","0.112 ETH","524","92.38 ETH",20
"Creepz by OVERLORD","https://opensea.io/collection/genesis-creepz","1.8877 ETH","46","84.76 ETH",21
"Oracle Patron NFT","https://opensea.io/collection/oracle-patron-nft","0.2075 ETH","403","80.63 ETH",22
"Pudgy Rods","https://opensea.io/collection/pudgyrods","0.392 ETH","190","75.73 ETH",23
"Memeland Potatoz","https://opensea.io/collection/memelandpotatoz","0.4024 ETH","176","71.41 ETH",24
"Wrapped Cryptopunks","https://opensea.io/collection/wrapped-cryptopunks","39.99 ETH","2","65.50 ETH",25
"Chromie Squiggle by Snowfro","https://opensea.io/collection/chromie-squiggle-by-snowfro","4.59 ETH","13","67.28 ETH",26
"BEANZ Official","https://opensea.io/collection/beanzofficial","0.1446 ETH","416","66.38 ETH",27
"Dooplicator","https://opensea.io/collection/the-dooplicator","0.2039 ETH","301","65.33 ETH",28
"Project AEON","https://opensea.io/collection/project-aeon","0.5969 ETH","106","62.72 ETH",29
"VeeFriends","https://opensea.io/collection/veefriends","1.2237 ETH","33","61.20 ETH",30
"bullas","https://opensea.io/collection/bullas-5","36.80 BERA","695","25.2K BERA",31
"Otherside Koda","https://opensea.io/collection/otherside-koda","0.9896 ETH","55","60.30 ETH",32
"K-16 a.k.a KARU","https://opensea.io/collection/karu-16","0.219 ETH","474","58.10 ETH",33
"Parallel Avatars","https://opensea.io/collection/parallel-avatars","0.642 ETH","85","55.38 ETH",34
"Grifters","https://opensea.io/collection/grifters-by-xcopy","11.90 ETH","5","57.74 ETH",35
"Exit Vectors by Keke","https://opensea.io/collection/keke-genesis-exit-vectors","1.00 ETH","58","53.22 ETH",36
"Pirate Nation - Founder's Pirates","https://opensea.io/collection/piratenation","0.544 ETH","110","53.38 ETH",37
"Sappy Seals","https://opensea.io/collection/sappy-seals","0.6665 ETH","85","53.49 ETH",38
"Sproto Gremlins","https://opensea.io/collection/sproto-gremlins","1.0986 ETH","51","52.30 ETH",39
"Otherdeed Expanded","https://opensea.io/collection/otherdeed-expanded","0.14 ETH","247","49.00 ETH",40
"DigiDaigaku Genesis","https://opensea.io/collection/digidaigaku","2.7035 ETH","19","42.04 ETH",41
"Moonbirds","https://opensea.io/collection/proof-moonbirds","0.416 ETH","94","38.34 ETH",42
"Honey Comb","https://opensea.io/collection/honey-comb-2","0.1399 ETH","281","38.31 ETH",43
"Burrrs Print","https://opensea.io/collection/burrrs-print-2","6.14 BERA","1,485","13.6K BERA",44
"Wink Realm Packs","https://opensea.io/collection/wink-realm-packs","4.145 AVAX","1,528","4,083.99 AVAX",45
"Bored Ape Kennel Club","https://opensea.io/collection/bored-ape-kennel-club","0.5199 ETH","72","36.04 ETH",46
"Soneium Venari Container - Praelis","https://opensea.io/collection/soneium-venari-container","0.005 ETH","1,435","2.68 ETH",47
"Fableborne Primordials","https://opensea.io/collection/fableborne-primordials-20","0.601 ETH","56","34.98 ETH",48
"Pixels - Farm Land","https://opensea.io/collection/pixels-farm","0.4389 ETH","55","33.84 ETH",49
"Raccoons: Genesis Pass","https://opensea.io/collection/raccoons-genesis-pass","0.21 ETH","146","32.43 ETH",50
"Gobs On Ape","https://opensea.io/collection/gobsnft","777.00 APE","130","125.2K APE",51
"Footium Players","https://opensea.io/collection/footium-players","0.0003 ETH","2,678","30.08 ETH",52
"CLONE X - X TAKASHI MURAKAMI","https://opensea.io/collection/clonex","0.1828 ETH","128","30.03 ETH",53
"Cool Cats","https://opensea.io/collection/cool-cats-nft","0.44 ETH","65","28.97 ETH",54
"Azra Games - The Hopeful","https://opensea.io/collection/azragames-thehopeful","0.5228 ETH","61","28.66 ETH",55
"Wolf Game (Blast)","https://opensea.io/collection/wg-blast","0.0142 ETH","1,482","27.41 ETH",56
"Nakamigos","https://opensea.io/collection/nakamigos","0.1088 ETH","237","27.33 ETH",57
"rektguy","https://opensea.io/collection/rektguy","0.2537 ETH","100","27.25 ETH",58
"Genesis WildPass","https://opensea.io/collection/wildpass","0.628 WETH","49","251.3K POL",59
"Gazers by Matt Kane","https://opensea.io/collection/gazers-by-matt-kane","10.30 ETH","1","28.50 ETH",60
"Geometric Fluidity","https://opensea.io/collection/geometric-fluidity-2","0.1355 ETH","176","28.40 ETH",61
"Kanpai Pandas","https://opensea.io/collection/kanpai-pandas","0.4693 ETH","55","26.31 ETH",62
"onchain gaias","https://opensea.io/collection/onchain-gaias","0.31 ETH","49","25.66 ETH",63
"HoneyJar Gen 6","https://opensea.io/collection/hj6-2","0.76 ETH","33","25.08 ETH",64
"Bit Bears by Berachain","https://opensea.io/collection/berachain-bit-bears","6.70 ETH","5","25.15 ETH",65
"Space Doodles","https://opensea.io/collection/space-doodles-official","3.80 ETH","7","24.73 ETH",66
"BEEPLE: EVERYDAYS - THE 2020 COLLECTION","https://opensea.io/collection/beeple-everydays","8.80 ETH","3","24.08 ETH",67
"HYTOPIA Worlds","https://opensea.io/collection/topia-worlds","0.4586 ETH","47","21.86 ETH",68
"No More Liquidity: Genesis Pass","https://opensea.io/collection/no-more-liquidity","3.75 ETH","5","22.35 ETH",69
"Impostors Genesis Aliens","https://opensea.io/collection/impostors-genesis-aliens","0.2205 ETH","99","21.52 ETH",70
"DeGods","https://opensea.io/collection/degods-eth","0.5393 ETH","33","21.17 ETH",71
"Gs on Ape","https://opensea.io/collection/gs-on-ape","950.00 APE","85","82.4K APE",72
"Nexus Nodes","https://opensea.io/collection/nexusnodes","1.0799 ETH","20","20.54 ETH",73
"Opepen Edition","https://opensea.io/collection/opepen-edition","0.1154 ETH","104","20.06 ETH",74
"Cambria Founders","https://opensea.io/collection/cambriafounders","0.685 ETH","33","19.87 ETH",75
"Chimpers","https://opensea.io/collection/chimpersnft","0.3249 ETH","64","19.67 ETH",76
"Checks - VV Originals","https://opensea.io/collection/vv-checks-originals","0.206 ETH","68","18.66 ETH",77
"AlphaSharks NFT","https://opensea.io/collection/alphasharksofficial","0.177 ETH","153","18.53 ETH",78
"nochillio","https://opensea.io/collection/nochillio","68.49 AVAX","32","1,936.22 AVAX",79
"Azuki Elemental Beans","https://opensea.io/collection/azukielementalbeans","0.6346 ETH","24","17.03 ETH",80
"No-Punks","https://opensea.io/collection/nopunkism","0.0268 ETH","341","16.83 ETH",81
"Hedz by Matt Furie","https://opensea.io/collection/hedz-by-matt-furie","1.35 ETH","12","18.02 ETH",82
"Memeland MVP","https://opensea.io/collection/memelandmvp","23.00 ETH","1","23.90 ETH",83
"8 by Bård Ionson","https://opensea.io/collection/8-by-bard-ionson-1","0.08 ETH","1","22.06 ETH",84
"alignDRAW","https://opensea.io/collection/aligndraw","0.9841 ETH","18","16.48 ETH",85
"CryptoPunks V1 (wrapped)","https://opensea.io/collection/official-v1-punks","1.9476 ETH","8","15.76 ETH",86
"DeepBlack","https://opensea.io/collection/bitairt","0.89 ETH","17","16.82 ETH",87
"Slingshot Genesis Collection","https://opensea.io/collection/slingshot-genesis","0.0344 ETH","343","15.32 ETH",88
"InfiniGods - GOD VAULTS","https://opensea.io/collection/god-vaults-infinigods","0.058 ETH","327","14.84 ETH",89
"Placement by Cooper Jamieson","https://opensea.io/collection/placement-by-cooper-jamieson","0.0415 ETH","9","17.36 ETH",90
"V","https://opensea.io/collection/v-on-vana","0.095 ETH","181","14.84 ETH",91
"77-Bit","https://opensea.io/collection/77bit","0.2399 ETH","52","14.39 ETH",92
"PXL DEX","https://opensea.io/collection/pxl-dex","5.91 ETH","5","14.68 ETH",93
"Ninja Squad Official","https://opensea.io/collection/ninja-squad-official","0.1358 ETH","92","14.37 ETH",94
"GLHFers","https://opensea.io/collection/glhfers","0.1602 ETH","90","14.11 ETH",95
"XCOPY editions 2019-22","https://opensea.io/collection/xcopy-editions","3.25 ETH","7","15.40 ETH",96
"2049 // Reflections","https://opensea.io/collection/2049-reflections","0.1966 ETH","73","13.90 ETH",97
"The Bosu Legacy","https://opensea.io/collection/finalbosu","1.0998 ETH","16","13.83 ETH",98
"ENS: Ethereum Name Service","https://opensea.io/collection/ens","< 0.0001 ETH","952","13.64 ETH",99
"Otherdeed for Otherside","https://opensea.io/collection/otherdeed","0.1519 ETH","71","13.56 ETH",100
"Kemonokaki","https://opensea.io/collection/kemonokaki","0.0845 ETH","165","13.33 ETH",101
"Rumble Kong League","https://opensea.io/collection/rumble-kong-league","0.1489 ETH","54","13.02 ETH",102
"mfers","https://opensea.io/collection/mfers","0.41 ETH","31","13.17 ETH",103
"The Sandbox LANDs","https://opensea.io/collection/sandbox","0.075 WETH","170","13.06 ETH",104
"Base Gods","https://opensea.io/collection/basegods125","1.00 ETH","13","13.71 ETH",105
"Blueprint by Resolv","https://opensea.io/collection/blueprint-by-resolv","0.31 ETH","52","12.71 ETH",106
"Winds of Yawanawa by Yawanawa and Refik Anadol","https://opensea.io/collection/winds-of-yawanawa","7.25 ETH","2","13.82 ETH",107
"Women Unite - 10k Assemble","https://opensea.io/collection/women-unite-10k-assemble","0.128 ETH","90","12.48 ETH",108
"Neo Tokyo Citizens","https://opensea.io/collection/neotokyo-citizens","3.385 ETH","5","13.81 ETH",109
"ChronoForge","https://opensea.io/collection/chronoforge","0.2899 ETH","49","12.16 ETH",110
"World of Women","https://opensea.io/collection/world-of-women-nft","0.389 ETH","25","12.30 ETH",111
"Terraforms by Mathcastles","https://opensea.io/collection/terraforms","0.4596 ETH","24","11.78 ETH",112
"L3E7 Worlds","https://opensea.io/collection/l3e7-worlds","2.20 ETH","7","11.65 ETH",113
"VeeFriends Series 2","https://opensea.io/collection/veefriends-series-2","0.0559 ETH","89","11.24 ETH",114
"Nouns","https://opensea.io/collection/nouns","2.399 ETH","5","11.40 ETH",115
"TENJIN","https://opensea.io/collection/tenjin","0.101 ETH","114","10.84 ETH",116
"MoonCats","https://opensea.io/collection/acclimatedmooncats","0.1319 ETH","85","10.90 ETH",117
"The Plague NFT","https://opensea.io/collection/the-plague","0.16 ETH","69","10.78 ETH",118
"Rare Pepe (2016 - 2018)","https://opensea.io/collection/rare-pepe-curated","0.0043 ETH","559","10.76 ETH",119
"Rug Radio - Genesis NFT","https://opensea.io/collection/ruggenesis-nft","0.1221 ETH","80","10.68 ETH",120
"Farcaster OG","https://opensea.io/collection/farcaster-og-1","1.95 ETH","7","10.45 ETH",121
"IO: Imaginary Ones","https://opensea.io/collection/io-imaginary-ones","0.17 ETH","62","10.35 ETH",122
"goblintown.wtf","https://opensea.io/collection/goblintownwtf","0.1539 ETH","63","10.41 ETH",123
"Infinity Cats","https://opensea.io/collection/infinity-cats-1","0.1149 WETH","113","95K POL",124
"DXNK","https://opensea.io/collection/dxnk","0.0697 ETH","164","10.53 ETH",125
"SchizoPosters","https://opensea.io/collection/schizoposters","0.2479 ETH","42","10.19 ETH",126
"Forgotten Runes Wizards Cult","https://opensea.io/collection/forgottenruneswizardscult","0.3664 ETH","22","10.06 ETH",127
"Wassie on Bera","https://opensea.io/collection/wassie-on-bera-3","13.5497 BERA","330","3,780.73 BERA",128
"Pixelmon Evolution 3 Serum","https://opensea.io/collection/pixelmon-ev-3-serum","0.99 ETH","13","9.98 ETH",129
"SuperCreators Origins","https://opensea.io/collection/supercreatorsorigins","0.53 ETH","18","9.88 ETH",130
"CryptoDickbutts","https://opensea.io/collection/cryptodickbutts-s3","0.69 ETH","13","9.57 ETH",131
"SNACKGANG","https://opensea.io/collection/snackgang-official","0.041 ETH","205","9.52 ETH",132
"My Pet Hooligan","https://opensea.io/collection/mypethooligan","0.2498 ETH","38","9.42 ETH",133
"CrypToadz by GREMPLIN","https://opensea.io/collection/cryptoadz-by-gremplin","0.425 ETH","22","9.92 ETH",134
"Murakami.Flowers Official","https://opensea.io/collection/murakami-flowers-2022-official","0.1949 ETH","47","9.46 ETH",135
"The Memes by 6529","https://opensea.io/collection/thememes6529","0.0181 ETH","159","9.30 ETH",136
"PROOF Pass","https://opensea.io/collection/proof-pass","8.95 ETH","1","9.20 ETH",137
"Morse | The Sidekick for Mitosians","https://opensea.io/collection/morse-lab","0.213 ETH","43","9.20 ETH",138
"MAX PAIN AND FRENS BY XCOPY","https://opensea.io/collection/max-pain-and-frens-by-xcopy","0.60 ETH","15","9.12 ETH",139
"Habbo Avatars","https://opensea.io/collection/habbo-avatars","0.127 ETH","64","9.21 ETH",140
"Persona","https://opensea.io/collection/persona","0.1326 ETH","61","9.05 ETH",141
"Women Unite","https://opensea.io/collection/womenunite","0.2439 ETH","24","10.01 ETH",142
"OnChainMonkey","https://opensea.io/collection/onchainmonkey","0.6836 ETH","14","9.01 ETH",143
"DAMAGE CONTROL","https://opensea.io/collection/damage-control-xcopy","0.6471 ETH","13","9.19 ETH",144
"The Plooshies","https://opensea.io/collection/theplooshies","0.229 ETH","41","8.96 ETH",145
"ShizoPunks","https://opensea.io/collection/shizopunks","1.23 ETH","8","8.82 ETH",146
"Skyborne - Genesis Immortals","https://opensea.io/collection/skyborne-genesisimmortals","0.0445 ETH","180","8.70 ETH",147
"LinksDAO","https://opensea.io/collection/linksdao","0.1503 ETH","50","8.61 ETH",148
"Astar Expansion: Soneium Premium","https://opensea.io/collection/astar-expansion-soneium-premium","0.01 ETH","2,083","8.49 ETH",149
"Sports Rollbots","https://opensea.io/collection/sportsbots","0.30 ETH","8","8.76 ETH",150
"Dojo Kidz","https://opensea.io/collection/dojo-kidz","29.69 APE","807","33.5K APE",151
"Hop_Starz","https://opensea.io/collection/hop-starz","95.00 APE","426","32.8K APE",152
"Supreme Kong","https://opensea.io/collection/supremekong","0.266 ETH","32","8.39 ETH",153
"D0TS","https://opensea.io/collection/d0ts-2","97.00 APE","1,912","33K APE",154
"Damien Hirst - The Currency","https://opensea.io/collection/thecurrency","1.2599 ETH","7","8.17 ETH",155
"BlastRunners","https://opensea.io/collection/re-blastrunners","0.0009 ETH","117","8.02 ETH",156
"ByWassies","https://opensea.io/collection/bywassies","0.2296 ETH","35","7.95 ETH",157
"SuperCreators - Gen Z","https://opensea.io/collection/super-creators-gen-z","0.199 ETH","32","8.23 ETH",158
"Neo Tokyo Outer Citizens","https://opensea.io/collection/neotokyo-outer-citizens","0.5097 ETH","15","7.96 ETH",159
"Gutter Cat Gang","https://opensea.io/collection/guttercatgang","0.2689 ETH","27","8.25 ETH",160
"Seedworld Vanguards","https://opensea.io/collection/seedworld-vanguards-revealed","0.1102 ETH","30","7.80 ETH",161
"Travel Tiger Club","https://opensea.io/collection/travel-tiger-club-travala","2.19 ETH","4","8.11 ETH",162
"Mirandus","https://opensea.io/collection/mirandus","0.0034 ETH","112","7.56 ETH",163
"Somnium Space VR","https://opensea.io/collection/somnium-space","0.135 ETH","8","7.55 ETH",164
"Prometheus by XBorg","https://opensea.io/collection/xborg-prometheus","0.72 ETH","13","8.13 ETH",165
"Nakamigos-CLOAKS","https://opensea.io/collection/nakamigos-cloaks","0.0359 ETH","170","7.29 ETH",166
"Pixelady Maker","https://opensea.io/collection/pixeladymaker","0.0524 ETH","125","7.08 ETH",167
"Memories of Qilin by Emily Xie","https://opensea.io/collection/memories-of-qilin-by-emily-xie","1.649 ETH","7","7.46 ETH",168
"Quirkies Originals","https://opensea.io/collection/quirkiesoriginals","0.7689 ETH","10","6.94 ETH",169
"Capy Friends","https://opensea.io/collection/capy-friends","0.4589 ETH","24","6.89 ETH",170
"Mintify Genesis","https://opensea.io/collection/mintifygenesis","0.097 ETH","74","6.73 ETH",171
"based punks","https://opensea.io/collection/basedpunks","0.124 ETH","40","6.73 ETH",172
"IKB Cachet de Garantie","https://opensea.io/collection/ikb-cachet-de-garantie-1","8.50 ETH","1","7.00 ETH",173
"Based OG by 9mm.Pro","https://opensea.io/collection/based-og-1","0.0169 ETH","379","6.72 ETH",174
"Yeetard NFTs","https://opensea.io/collection/yeetard-nfts","0.1569 ETH","46","6.57 ETH",175
"InfiniGods - InfiniPass","https://opensea.io/collection/infinipass","0.0738 ETH","93","6.50 ETH",176
"Omnia Pets - Genesis","https://opensea.io/collection/omnia-pets-genesis","0.09 ETH","86","6.43 ETH",177
"RG Bytes","https://opensea.io/collection/rg-bytes","0.3999 ETH","15","6.55 ETH",178
"Brotherh00d","https://opensea.io/collection/brotherh00d-2","29.00 APE","1,491","25.2K APE",179
"pARticle pack","https://opensea.io/collection/particle-pack","0.143 ETH","55","6.89 ETH",180
"THC","https://opensea.io/collection/thc-20","6.5999 BERA","357","2,752.26 BERA",181
"Youmio - Mythic Seeds","https://opensea.io/collection/mythicseed","0.115 ETH","55","6.43 ETH",182
"Archetype by Kjetil Golid","https://opensea.io/collection/archetype-by-kjetil-golid","2.48 ETH","3","6.84 ETH",183
"HV-MTL","https://opensea.io/collection/hv-mtl","0.029 ETH","105","6.31 ETH",184
"God Hates NFTees","https://opensea.io/collection/godhatesnftees","0.083 ETH","73","6.29 ETH",185
"OVERWORLD INCARNA","https://opensea.io/collection/overworld-incarna","0.0806 ETH","74","6.26 ETH",186
"BeraTone Founder's Sailcloth","https://opensea.io/collection/beratone-founders-sailcloth","0.475 ETH","16","6.31 ETH",187
"Apes on Ape","https://opensea.io/collection/apes-on-apechain","57.00 APE","305","23.6K APE",188
"Fake Rares","https://opensea.io/collection/fake-rares-curated","0.0185 ETH","40","5.94 ETH",189
"Sugartown Oras","https://opensea.io/collection/sugartownoras","0.0627 ETH","88","5.95 ETH",190
"Miggles","https://opensea.io/collection/miggles-on-base","0.0355 ETH","146","5.93 ETH",191
"Kong On Ape","https://opensea.io/collection/kong-on-ape-1","48.00 APE","1,444","23K APE",192
"Hungrybera (Legacy)","https://opensea.io/collection/hungrybera-ramen-legacy","0.0009 ETH","438","5.74 ETH",193
"Booga Beras","https://opensea.io/collection/booga-beras-5","0.079 ETH","83","5.67 ETH",194
"Matrix Plus Box V2","https://opensea.io/collection/matrix-plus-box-v2","0.8999 ETH","9","6.57 ETH",195
"Unsupervised - Burned - Machine Hallucinations - MoMA Dreams By Refik Anadol","https://opensea.io/collection/unsupervised-burned-machine-hallucinations-moma","7.85 ETH","2","6.00 ETH",196
"The Sad Times NFT","https://opensea.io/collection/thesadtimesbirthcertificate","0.115 ETH","57","5.66 ETH",197
"Everydays: Group Effort by Beeple","https://opensea.io/collection/everydays-group-effort-by-beeple","4.88 ETH","2","5.99 ETH",198
"Peplicator by Matt Furie","https://opensea.io/collection/peplicator-by-matt-furie","0.0347 ETH","132","5.58 ETH",199
"a KID called BEAST","https://opensea.io/collection/akidcalledbeast","0.1554 ETH","33","5.40 ETH",200
"Age of Dino - Dinosty","https://opensea.io/collection/aod-dinosty","0.13 ETH","46","5.64 ETH",201
"MyShell - MySoul","https://opensea.io/collection/myshell-mysoul","0.0744 ETH","96","5.28 ETH",202
"The Llamas","https://opensea.io/collection/the-llamas","0.868 ETH","7","5.15 ETH",203
"Light Years by Dmitri Cherniak","https://opensea.io/collection/light-years-by-dmitri-cherniak","9.42 ETH","1","5.51 ETH",204
"Looki","https://opensea.io/collection/looki","0.1498 ETH","36","5.29 ETH",205
"Wilder Wheels","https://opensea.io/collection/wilderworld","0.255 ETH","18","5.22 ETH",206
"GoPlus EnergyCard","https://opensea.io/collection/goplus-energycard","0.689 ETH","10","5.22 ETH",207
"Larva Lads","https://opensea.io/collection/larva-lads","0.042 ETH","93","5.24 ETH",208
"Treeverse Plots","https://opensea.io/collection/treeverse-plots","0.1495 ETH","35","5.23 ETH",209
"REMNANTS","https://opensea.io/collection/xcopy-remnants","5.439 ETH","1","5.00 ETH",210
"Ethereal Beras","https://opensea.io/collection/ethereal-beras-3","1.29 BERA","1,205","1,938.33 BERA",211
"Genesis Box","https://opensea.io/collection/genesis-box","0.0387 ETH","132","5.07 ETH",212
"My Curio Cards","https://opensea.io/collection/curiocardswrapper","0.085 ETH","34","4.90 ETH",213
"Habbo: Crafted Avatars","https://opensea.io/collection/crafted-avatars","0.2719 ETH","13","4.86 ETH",214
"beef brothko","https://opensea.io/collection/beef-brothko","1.0999 ETH","9","5.15 ETH",215
"Checks - VV Edition","https://opensea.io/collection/vv-checks","0.30 ETH","16","4.76 ETH",216
"Synthetic Dreams by Refik Anadol","https://opensea.io/collection/synthetic-dreams","1.29 ETH","3","4.81 ETH",217
"CNP / CryptoNinja Partners","https://opensea.io/collection/cryptoninjapartners-v2","0.055 ETH","19","4.76 ETH",218
"AN IMPORTANT MEMORY FOR HUMANITY BY REFIK ANADOL","https://opensea.io/collection/inspirati4n","0.0712 ETH","8","4.56 ETH",219
"CALIVERSE Pioneer","https://opensea.io/collection/caliverse-pioneer","0.0764 ETH","65","4.69 ETH",220
"Latent Ink by Eko33","https://opensea.io/collection/latent-ink-by-eko33","0.505 ETH","8","4.78 ETH",221
"Nifty Island: Legendary Palms","https://opensea.io/collection/nifty-island-legendary-palms","0.166 ETH","26","4.68 ETH",222
"Youmio - Ancient Seeds","https://opensea.io/collection/ancientseed","1.35 ETH","3","4.98 ETH",223
"Pixelmon - Generation 1","https://opensea.io/collection/pixelmongen1","0.1944 ETH","18","4.54 ETH",224
"FLUF World","https://opensea.io/collection/fluf","0.21 ETH","21","4.52 ETH",225
"Awakenings","https://opensea.io/collection/awakenings-2","2.92 AVAX","104","494.06 AVAX",226
"Meridian by Matt DesLauriers","https://opensea.io/collection/meridian-by-matt-deslauriers","3.15 ETH","2","5.21 ETH",227
"Bera Cults","https://opensea.io/collection/bera-cults-3","2.01 BERA","832","1,915.10 BERA",228
"Apu Apustajas","https://opensea.io/collection/apuapustajas","0.0519 ETH","83","4.40 ETH",229
"Wilder Land: The Island","https://opensea.io/collection/wilder-land-the-island","0.5799 ETH","10","4.55 ETH",230
"RENGA","https://opensea.io/collection/renga","0.083 ETH","37","4.35 ETH",231
"ICXN","https://opensea.io/collection/icxn-by-xcopy","1.3999 ETH","4","4.47 ETH",232
"KPR","https://opensea.io/collection/kprverse","0.0464 ETH","89","4.16 ETH",233
"Emby","https://opensea.io/collection/emby-1","0.1194 ETH","33","4.15 ETH",234
"TokenGators","https://opensea.io/collection/tokengators-ape","400.00 APE","36","16K APE",235
"Wilder PALs: GEN","https://opensea.io/collection/wilderpals-gen","0.2686 ETH","15","4.05 ETH",236
"HoneyGenesis","https://opensea.io/collection/honeygenesis-arbitrum","0.07 ETH","61","3.97 ETH",237
"Bumpkin Wearables","https://opensea.io/collection/bumpkin-wearables","0.0001 WETH","1,640","36.1K POL",238
"Moving Blocks by Deblock","https://opensea.io/collection/moving-blocks-deblock","0.297 ETH","14","3.91 ETH",239
"KIP Protocol Genesis Pass","https://opensea.io/collection/kipprotocol","0.0308 ETH","130","3.94 ETH",240
"L3E7 Guardians","https://opensea.io/collection/l3e7-guardians","0.1238 ETH","33","3.87 ETH",241
"Culty Bera","https://opensea.io/collection/culty-beras","13.89 BERA","107","1,543.22 BERA",242
"Flyfish Club","https://opensea.io/collection/flyfish-club","0.8179 ETH","6","3.98 ETH",243
"KILLABEARS","https://opensea.io/collection/killabears","0.165 ETH","21","3.77 ETH",244
"Persona","https://opensea.io/collection/persona-base","0.135 ETH","26","3.73 ETH",245
"Kaiju Kingz","https://opensea.io/collection/kaiju-kingz","0.0658 ETH","42","3.70 ETH",246
"GRIFT SZN","https://opensea.io/collection/grift-szn","1.29 ETH","3","3.94 ETH",247
"ChronoForge Support Airships","https://opensea.io/collection/chronoforge-support-airships","0.23 ETH","19","3.56 ETH",248
"Degenerative Apes PoA","https://opensea.io/collection/degenerative-apes-poa","0.14 ETH","5","3.94 ETH",249
"THE 108 CIRCLE","https://opensea.io/collection/the108circle","0.124 ETH","26","3.93 ETH",250
"CyberKongz","https://opensea.io/collection/cyberkongz","3.60 ETH","1","3.66 ETH",251
"JOYWORLD JOYs","https://opensea.io/collection/joyworld-s2","11.11 ETH","1","3.80 ETH",252
"Footium Clubs","https://opensea.io/collection/footium-clubs","0.0413 ETH","66","3.45 ETH",253
"MONKEES","https://opensea.io/collection/monkees","399.00 APE","49","14.4K APE",254
"Sonova Genesis","https://opensea.io/collection/sonova-genesis-2","0.0007 ETH","3,774","3.45 ETH",255
"SuperFrens","https://opensea.io/collection/superfrensbysuperform","0.0006 ETH","1,297","3.45 ETH",256
"Trump Digital Trading Cards Series 2","https://opensea.io/collection/trump-digital-trading-cards-series-2","0.0141 WETH","235","30.2K POL",257
"MidnightBreeze","https://opensea.io/collection/midnightbreeze","0.07 ETH","30","3.39 ETH",258
"Bursted Bubbles by Deblock","https://opensea.io/collection/bursted-bubbles-by-deblock","0.62 ETH","6","3.68 ETH",259
"Cargo by Kim Asendorf","https://opensea.io/collection/cargo-by-kim-asendorf","0.99 ETH","4","3.31 ETH",260
"InfiniGods - The Elder Gods","https://opensea.io/collection/infinigods-elder-gods","0.0306 ETH","51","3.29 ETH",261
"Hello Monster - The Originals","https://opensea.io/collection/hello-monster-the-originals","0.041 ETH","75","3.28 ETH",262
"Cyborg DAO","https://opensea.io/collection/turing-key","2.20 ETH","3","3.28 ETH",263
"COSMOS: A RENGA Collection","https://opensea.io/collection/cosmos-a-renga-collection","0.60 ETH","4","3.48 ETH",264
"Tour de Berance","https://opensea.io/collection/tour-de-berance","0.0415 ETH","77","3.09 ETH",265
"Soundscape Avatars by SAN SOUND","https://opensea.io/collection/soundscape-avatars-by-san-sound","0.05 ETH","42","3.15 ETH",266
"Chubbicorns","https://opensea.io/collection/chubbicorns","2.00 ETH","2","4.10 ETH",267
"BITMICE","https://opensea.io/collection/bitmice-ape","71.00 APE","240","12K APE",268
"Decentraland","https://opensea.io/collection/decentraland","0.0746 ETH","30","3.08 ETH",269
"Valeria Games Genesis Lands","https://opensea.io/collection/valeriagames","0.0246 ETH","96","3.08 ETH",270
"STK","https://opensea.io/collection/stk","110.00 APE","69","11.8K APE",271
"Seven Peaks of Celestial Stars: Mount Kailash","https://opensea.io/collection/seven-peaks-of-celestial-stars-mount-kailash","0.0289 WETH","69","27.5K POL",272
"Plaza NFT","https://opensea.io/collection/plaza-nft","0.0229 ETH","118","3.03 ETH",273
"Blitmap","https://opensea.io/collection/blitmap","0.2087 ETH","6","3.01 ETH",274
"Happee Beras","https://opensea.io/collection/happeeberas","0.10 ETH","23","2.97 ETH",275
"Bad Egg Co","https://opensea.io/collection/bad-egg-co","0.199 ETH","12","3.00 ETH",276
"CyberKongz (Babies)","https://opensea.io/collection/cyberkongz-babies","0.3248 ETH","9","3.15 ETH",277
"tubby cats","https://opensea.io/collection/tubby-cats","0.0259 ETH","116","2.98 ETH",278
"SuperRare","https://opensea.io/collection/superrare","0.0067 ETH","29","2.98 ETH",279
"Invisible Friends","https://opensea.io/collection/invisiblefriends","0.1649 ETH","19","2.94 ETH",280
"Banners NFT","https://opensea.io/collection/banners-nft","0.1067 ETH","27","3.01 ETH",281
"Deadfellaz","https://opensea.io/collection/deadfellaz","0.0887 ETH","33","2.94 ETH",282
"LoudPunx","https://opensea.io/collection/loudpunx","0.49 ETH","6","2.98 ETH",283
"Mutant Hounds: Fusing Materials","https://opensea.io/collection/hound-materials","0.0479 ETH","47","2.86 ETH",284
"Mutant Hounds","https://opensea.io/collection/mutant-hounds","0.0541 ETH","58","2.86 ETH",285
"Artifex - Alotta Money","https://opensea.io/collection/artifex-alotta-money","0.25 ETH","1","3.01 ETH",286
"Shatterpoint: Founder Heroes","https://opensea.io/collection/shatterpoint-founder-collection","0.059 WETH","60","25.8K POL",287
"TCG Dragon Cave Club","https://opensea.io/collection/tcg-world-dragons","0.0955 ETH","27","2.84 ETH",288
"GENESIS by PlayerZero","https://opensea.io/collection/genesis-by-player-zero","0.036 ETH","80","2.82 ETH",289
"Michelin 3xplorer Club","https://opensea.io/collection/michelin3xplorerclub","0.107 ETH","31","2.80 ETH",290
"CyberBrokers","https://opensea.io/collection/cyberbrokers","0.1368 ETH","24","2.77 ETH",291
"Parallel Alpha","https://opensea.io/collection/parallelalpha","0.0006 ETH","403","2.80 ETH",292
"Realms of Ether","https://opensea.io/collection/realms-of-ether-1","0.91 ETH","5","3.43 ETH",293
"DSNRS","https://opensea.io/collection/dsnrs","42.60 APE","254","10.9K APE",294
"Kodamara","https://opensea.io/collection/kodamara","0.0602 ETH","35","2.82 ETH",295
"Forgotten Souls","https://opensea.io/collection/forgottensouls","0.549 ETH","8","3.07 ETH",296
"MetaRebelz","https://opensea.io/collection/metarebelzeth","0.0156 ETH","58","2.71 ETH",297
"Chumpz by Saints of LA","https://opensea.io/collection/chumpz-by-saints-of-la","47.97 APE","200","10.7K APE",298
"Genuine Undead","https://opensea.io/collection/genuine-undead","0.0737 ETH","44","2.69 ETH",299
"Mindblowon Universe","https://opensea.io/collection/mindblowon-universe","0.019 ETH","144","2.65 ETH",300
"alien frens","https://opensea.io/collection/alienfrensnft","0.05 ETH","55","2.63 ETH",301
"GOMBLE SpaceKids","https://opensea.io/collection/gomble-spacekids","0.088 ETH","27","2.66 ETH",302
"Infinite Images by Holly Herndon & Mat Dryhurst","https://opensea.io/collection/infinite-images-by-holly-herdon-mat-dryhurst","0.75 ETH","4","3.14 ETH",303
"Circle Pass","https://opensea.io/collection/the-circle-pass","0.685 ETH","5","3.27 ETH",304
"Grant Yun x Avant Arte x Fall","https://opensea.io/collection/grant-yun-x-avant-arte-x-fall","—","2","2.77 ETH",305
"San FranTokyo Visions","https://opensea.io/collection/sanfrantokyovisions","0.024 ETH","130","2.66 ETH",306
"Admit One","https://opensea.io/collection/admit-one","0.295 ETH","11","2.70 ETH",307
"Wilder Moto Genesis","https://opensea.io/collection/wilder-moto","0.1248 ETH","20","2.69 ETH",308
"World of Women Galaxy","https://opensea.io/collection/world-of-women-galaxy","0.0339 ETH","82","2.62 ETH",309
"Urbit ID: Star","https://opensea.io/collection/urbit-id-star","0.444 ETH","8","2.57 ETH",310
"Junky Ursas","https://opensea.io/collection/junky-ursas-2","7.60 BERA","159","1,009.52 BERA",311
"Koin Games Dev Squad","https://opensea.io/collection/kgds","0.0669 ETH","42","2.46 ETH",312
"Spellborne Apartments","https://opensea.io/collection/spellborne-apartments","0.077 ETH","13","2.40 ETH",313
"MUTANT ALIENS VILLAIN","https://opensea.io/collection/mutant-aliens-villain-1","0.039 ETH","46","2.45 ETH",314
"Avarik Saga Universe","https://opensea.io/collection/avariksagauniverse","0.016 ETH","128","2.54 ETH",315
"Seiyans","https://opensea.io/collection/seiyans-1","260.00 SEI","123","26.4K SEI",316
"Full Send Frens","https://opensea.io/collection/full-send-frens","0.294 ETH","13","2.39 ETH",317
"SMOWL","https://opensea.io/collection/smowl","0.1194 ETH","20","2.36 ETH",318
"Lazy Lions","https://opensea.io/collection/lazy-lions","0.08 ETH","28","2.36 ETH",319
"Zo World Founders","https://opensea.io/collection/founders-of-zo-world","0.864 ETH","3","2.46 ETH",320
"XOCIETY Frontier","https://opensea.io/collection/xociety-frontier","0.0436 ETH","33","2.39 ETH",321
"Karafuru","https://opensea.io/collection/karafuru","0.075 ETH","37","2.38 ETH",322
"ROYALE RARITIES","https://opensea.io/collection/royale-rarities","—","1","3.10 ETH",323
"BASTARD GAN PUNKS V2","https://opensea.io/collection/bastard-gan-punks-v2","0.0796 ETH","28","2.37 ETH",324
"ALTS by adidas","https://opensea.io/collection/alts-by-adidas","0.0278 ETH","66","2.35 ETH",325
"Bad Bunnies | Tokyo Punks by Sabet","https://opensea.io/collection/bad-bunnies-tokyo-punks-by-sabet-1","12.00 APE","904","9,595.80 APE",326
"The Great Color Study","https://opensea.io/collection/ackcolorstudy","0.1749 ETH","11","2.31 ETH",327
"Ape Gang","https://opensea.io/collection/apegang-ape","69.988 APE","67","9,161.64 APE",328
"Orca Business","https://opensea.io/collection/orca-business","5.50 APE","1,788","9,100.97 APE",329
"Khuga by Khuga Labs","https://opensea.io/collection/khuga-by-khuga-labs","0.028 ETH","92","2.26 ETH",330
"TG.Casino High Roller","https://opensea.io/collection/tg-casino-high-roller","0.40 ETH","6","2.39 ETH",331
"CryptoSkulls","https://opensea.io/collection/cryptoskulls","0.0798 ETH","23","2.28 ETH",332
"Worlds of BOO","https://opensea.io/collection/worlds-of-boo","0.37 ETH","6","2.36 ETH",333
"PORSCHΞ 911","https://opensea.io/collection/porsche-911","0.2299 ETH","13","2.27 ETH",334
"Dengs","https://opensea.io/collection/dengs","27.99 APE","376","8,714.79 APE",335
"VERDANDI ORIGINS","https://opensea.io/collection/verdandi-origins","0.25 ETH","9","2.20 ETH",336
"0N1 Force","https://opensea.io/collection/0n1-force","0.133 ETH","14","2.19 ETH",337
"THE SHIBOSHIS","https://opensea.io/collection/theshiboshis","0.0809 ETH","22","2.16 ETH",338
"KFCdao pass","https://opensea.io/collection/kfcdao-pass","0.339 ETH","8","2.13 ETH",339
"Rollbots","https://opensea.io/collection/rollbots","0.40 ETH","3","2.22 ETH",340
"GOAT Gaming - Genesis GOATs","https://opensea.io/collection/gg-genesis-goats","0.196 ETH","12","2.12 ETH",341
"Wengoods - Mission G.O.R.G","https://opensea.io/collection/wengoods","0.0939 ETH","19","2.11 ETH",342
"Highrise LAND","https://opensea.io/collection/highrise-land","0.17 ETH","7","2.06 ETH",343
"Vol Surfers","https://opensea.io/collection/vol-surfers-4200","0.04 ETH","67","2.10 ETH",344
"GU Origins","https://opensea.io/collection/gu-origins","0.047 ETH","41","2.08 ETH",345
"Treehouse Squirrel Council","https://opensea.io/collection/treehouse-squirrel-council","0.3129 ETH","7","2.17 ETH",346
"Abasho","https://opensea.io/collection/abasho","1.34 ETH","2","2.22 ETH",347
"Town Star","https://opensea.io/collection/townstar","0.0001 ETH","240","2.03 ETH",348
"Wilder Beasts: Wolf","https://opensea.io/collection/wilderbeasts-wolf","0.2599 ETH","8","2.11 ETH",349
"Beyond","https://opensea.io/collection/beyond-53","1.22 AVAX","173","243.05 AVAX",350
"NextGen 6529 | Pebbles by Zeblocks","https://opensea.io/collection/pebbles-by-zeblocks","0.76 ETH","2","2.15 ETH",351
"Fragments of an Infinite Field by Monica Rizzolli","https://opensea.io/collection/fragments-of-an-infinite-field-by-monica-rizzolli","0.339 ETH","5","2.27 ETH",352
"The Chosen of Civitas","https://opensea.io/collection/the-chosen-of-civitas","0.2349 ETH","13","2.36 ETH",353
"BERABOYZ","https://opensea.io/collection/beraboyz-29","—","40","790.36 BERA",354
"MetaVixens","https://opensea.io/collection/metavixens","0.45 WETH","4","18.1K POL",355
"Truck Stop Cubs","https://opensea.io/collection/truck-stop-cubs","1.20 BERA","382","625.98 BERA",356
"Moni Wizards","https://opensea.io/collection/moni-wizards","2.4939 ETH","1","2.09 ETH",357
"Chainbase Mystland","https://opensea.io/collection/chainbasemystland","< 0.0001 ETH","9,337","1.90 ETH",358
"MintID","https://opensea.io/collection/mint-id","0.37 ETH","6","1.95 ETH",359
"YAYO NFT","https://opensea.io/collection/yayo-nft","0.1182 ETH","17","1.88 ETH",360
"Chubby Cattle","https://opensea.io/collection/chubbycattle","0.15 ETH","11","1.97 ETH",361
"SAINTS of LA","https://opensea.io/collection/saints-of-la","0.0445 ETH","48","1.87 ETH",362
"Sunflower Land Accounts","https://opensea.io/collection/sunflower-land","0.0004 WETH","227","16.9K POL",363
"Radbro Webring","https://opensea.io/collection/radbro-webring","0.0585 ETH","29","1.84 ETH",364
"Worldwide Webb Land","https://opensea.io/collection/worldwidewebbland","0.0425 ETH","47","1.82 ETH",365
"Nation Pass","https://opensea.io/collection/nation-pass-alpha","0.007 ETH","224","1.83 ETH",366
"Kagami Academy","https://opensea.io/collection/kagami-academy","0.0807 ETH","28","1.81 ETH",367
"ZORBS by ZORA","https://opensea.io/collection/zorbs-eth","0.0083 ETH","217","1.82 ETH",368
"The Bot Bears","https://opensea.io/collection/thebotbears","0.0166 ETH","110","1.82 ETH",369
"Kitaro World","https://opensea.io/collection/kitaroworld","0.0235 ETH","81","1.82 ETH",370
"Nobody","https://opensea.io/collection/real-nobody-xyz","0.048 ETH","40","1.79 ETH",371
"The Doomed DAO","https://opensea.io/collection/techwontsaveus","1.00 ETH","3","1.93 ETH",372
"ASM B.R.A.I.N.S.","https://opensea.io/collection/asm-brains","0.087 ETH","22","1.88 ETH",373
"Zards","https://opensea.io/collection/zards","49.00 APE","136","6,885.66 APE",374
"Smilee Beras","https://opensea.io/collection/smilee-beras","0.0134 ETH","99","1.75 ETH",375
"PawPal","https://opensea.io/collection/berapaw-pawpal","0.0225 ETH","94","1.75 ETH",376
"egg","https://opensea.io/collection/ckatzegg","0.0356 ETH","47","1.74 ETH",377
"Memotics Homie (Genesis)","https://opensea.io/collection/memotics-homie","0.20 ETH","9","1.83 ETH",378
"WAGMI Game Genesis","https://opensea.io/collection/wagmi-genesis-collection","0.2725 ETH","9","1.82 ETH",379
"Trump Digital Trading Cards America First Edition","https://opensea.io/collection/trump-digital-trading-cards-america-first-edition","0.0075 WETH","330","15.9K POL",380
"MEGAMI_NFT","https://opensea.io/collection/megaminft","0.0271 ETH","59","1.73 ETH",381
"CryptoChasers Robot","https://opensea.io/collection/cryptochasers-robot","0.875 ETH","3","1.72 ETH",382
"VeeFriends Iconics","https://opensea.io/collection/veefriends-iconics","0.2088 ETH","9","1.71 ETH",383
"Tiny Astro Genesis","https://opensea.io/collection/tiny-astro-genesis","0.175 ETH","9","1.79 ETH",384
"Chimera by mpkoz","https://opensea.io/collection/chimera-by-mpkoz","0.355 ETH","3","1.69 ETH",385
"Auntieverse by Niceaunties","https://opensea.io/collection/auntieverse-by-niceaunties","0.6788 ETH","3","1.66 ETH",386
"Mochimons","https://opensea.io/collection/mochimonsbase","0.1374 ETH","12","1.68 ETH",387
"Castaways - Genesis","https://opensea.io/collection/castaways-genesis","0.0039 ETH","123","1.72 ETH",388
"DEGEN TOONZ","https://opensea.io/collection/degentoonz-collection","0.0254 ETH","69","1.65 ETH",389
"Ethlizards Venture","https://opensea.io/collection/ethlizards","0.1687 ETH","12","1.73 ETH",390
"Trump Digital Trading Cards MugShot Edition","https://opensea.io/collection/trump-digital-trading-cards-mugshot-edition","—","161","14.6K POL",391
"NFTinit Founders","https://opensea.io/collection/nftinit-founders","0.45 ETH","4","1.65 ETH",392
"QBX Founders Key","https://opensea.io/collection/qbx-genesis-nft","0.0896 ETH","22","1.63 ETH",393
"Quant on Ape","https://opensea.io/collection/quant-on-ape","0.2355 APE","2,234","6,152.71 APE",394
"0xmons","https://opensea.io/collection/0xmons-xyz","1.111 ETH","2","1.61 ETH",395
"CypherDudes","https://opensea.io/collection/cypherdudes","0.1425 ETH","11","1.67 ETH",396
"Memories by Neura","https://opensea.io/collection/memories-by-neura","0.0809 ETH","22","1.62 ETH",397
"ARC Stellars","https://opensea.io/collection/arc-stellars","2.498 ETH","1","1.68 ETH",398
"Prime Navigator","https://opensea.io/collection/spacenationol-prime-navigator","0.27 ETH","6","1.59 ETH",399
"Beramonium Chronicles: Genesis","https://opensea.io/collection/beramonium-chronicles-genesis-24","—","35","632.51 BERA",400
"Construction Token by Jeff Davis","https://opensea.io/collection/construction-token-by-jeff-davis","1.35 ETH","2","1.85 ETH",401
"HAPE PRIME","https://opensea.io/collection/hapeprime","0.0855 ETH","18","1.58 ETH",402
"Funkari","https://opensea.io/collection/funkari-nft","1.075 ETH","2","1.71 ETH",403
"OSF's Red Lite District","https://opensea.io/collection/osf-rld","2.22 ETH","1","1.69 ETH",404
"Rosentica: Starfall Travelers","https://opensea.io/collection/rosentica","0.0339 ETH","57","1.55 ETH",405
"Mutant Cartel Oath","https://opensea.io/collection/mutant-cartel-oath","0.05 ETH","42","1.62 ETH",406
"Doodles Wearables","https://opensea.io/collection/wearables-2","0.0001 ETH","622","1.54 ETH",407
"Wild Dogs","https://opensea.io/collection/wild-dogs-ape","7.00 APE","979","6,023.74 APE",408
"FLUF World: Burrows","https://opensea.io/collection/fluf-world-burrows","0.0152 ETH","28","1.54 ETH",409
"The Doge Pound","https://opensea.io/collection/the-doge-pound","0.08 ETH","18","1.55 ETH",410
"DigiDaigaku Heroes","https://opensea.io/collection/digidaigakuheroes","0.24 ETH","7","1.54 ETH",411
"Hashmasks","https://opensea.io/collection/hashmasks","0.0805 ETH","22","1.59 ETH",412
"Strands of Solitude by William Mapan","https://opensea.io/collection/strands-of-solitude","0.625 ETH","3","1.62 ETH",413
"Blever Pass","https://opensea.io/collection/blever-pass","340.00 APE","21","5,949.76 APE",414
"re:generates","https://opensea.io/collection/re-gens","0.0187 ETH","74","1.50 ETH",415
"Story Protocol - Onchain Chronicles","https://opensea.io/collection/spchronicles","0.0039 ETH","417","1.52 ETH",416
"Elev8 Member Pass","https://opensea.io/collection/elev8-member-pass","0.1588 ETH","13","1.55 ETH",417
"AIR WILD Season Zero","https://opensea.io/collection/aws0","3.00 ETH","1","1.80 ETH",418
"Bruuvvprint by Memeswap","https://opensea.io/collection/bruuvvprint-memeswap","0.1299 ETH","13","1.53 ETH",419
"Valhalla","https://opensea.io/collection/valhalla","0.0647 ETH","17","1.48 ETH",420
"Wolf Game - Genesis Land","https://opensea.io/collection/wolf-game-land","0.015 ETH","61","1.46 ETH",421
"Quirklings","https://opensea.io/collection/quirklings","0.0489 ETH","25","1.45 ETH",422
"Delabs Adventure Pass Official","https://opensea.io/collection/delabsadventurepass","0.0627 ETH","28","1.44 ETH",423
"Alpha Bananas","https://opensea.io/collection/alpha-bananas","175.00 APE","43","5,634.33 APE",424
"Degentlemen","https://opensea.io/collection/the-degentlemen","0.0128 ETH","117","1.41 ETH",425
"Timeless Characters","https://opensea.io/collection/timelessnfts","0.0874 ETH","15","1.42 ETH",426
"Shadow Wolves","https://opensea.io/collection/shadow-wolves","0.0286 ETH","53","1.40 ETH",427
"Signature by Jack Butcher","https://opensea.io/collection/signature-by-jack-butcher","0.795 ETH","3","1.47 ETH",428
"Alpha Prestige - Fusionist","https://opensea.io/collection/alpha-prestige-fusionist-official","0.82 ETH","2","1.56 ETH",429
"Machine Hallucinations — NYC by Refik Anadol","https://opensea.io/collection/machine-hallucinations-nyc-by-refik-anadol","0.6848 ETH","3","1.52 ETH",430
"Station3 Patron","https://opensea.io/collection/station3-patron","0.6739 ETH","3","1.37 ETH",431
"Castaways - The Raft","https://opensea.io/collection/castaways-the-raft","0.1978 ETH","22","1.46 ETH",432
"CEDEN Keystone NFT Nodes","https://opensea.io/collection/ceden-keystone-nft-nodes","0.0378 ETH","36","1.51 ETH",433
"Balance Pioneer Badge","https://opensea.io/collection/balancepioneerbadge","0.0359 ETH","39","1.39 ETH",434
"Based Ape Gang","https://opensea.io/collection/basedapesgang","0.0265 ETH","29","1.37 ETH",435
"Uprising Genesis: Origins","https://opensea.io/collection/uprising-genesis-origins","0.0649 ETH","22","1.42 ETH",436
"AlfaDAO Access Cards","https://opensea.io/collection/alfadao-access","0.9792 ETH","2","1.59 ETH",437
"NFT Butler","https://opensea.io/collection/nftbutler","1.77 ETH","1","1.59 ETH",438
"Less Than Three","https://opensea.io/collection/lt3","0.0178 ETH","65","1.40 ETH",439
"nameless dread by diewiththemostlikes","https://opensea.io/collection/nameless-dread-by-diewiththemostlikes","0.45 ETH","4","1.47 ETH",440
"CryptoPhunks","https://opensea.io/collection/crypto-phunks","0.065 ETH","20","1.32 ETH",441
"Steady","https://opensea.io/collection/steadynftavax","6.95 AVAX","17","152.56 AVAX",442
"Big Fat Beras","https://opensea.io/collection/big-fat-beras-beraborrow","0.0214 ETH","63","1.30 ETH",443
"BERABOYZ","https://opensea.io/collection/beraboyz-4","0.0656 ETH","25","1.35 ETH",444
"BITFRAMES","https://opensea.io/collection/bitframes","0.0227 ETH","56","1.41 ETH",445
"Proscenium by remnynt","https://opensea.io/collection/proscenium-by-remnynt","0.31 ETH","4","1.35 ETH",446
"ENTITIES META","https://opensea.io/collection/entities-1-101","0.30 ETH","4","1.29 ETH",447
"Mambonauts","https://opensea.io/collection/mambonauts","5.90 AVAX","49","146.73 AVAX",448
"Wonky Stonks","https://opensea.io/collection/wonky-stonks","0.0599 ETH","20","1.27 ETH",449
"/// by Snowfro","https://opensea.io/collection/by-snowfro","0.0885 ETH","17","1.26 ETH",450
"Franky's Dinner","https://opensea.io/collection/frankys-dinner","0.059 ETH","27","1.26 ETH",451
"IMAGINE","https://opensea.io/collection/imagine-495","—","1","1.50 ETH",452
"Impostors Genesis Pets","https://opensea.io/collection/impostors-genesis-pets","0.034 ETH","11","1.24 ETH",453
"Bipzys","https://opensea.io/collection/bipzys","—","14","1.32 ETH",454
"DarkNOUNs","https://opensea.io/collection/darknouns-1","0.0075 ETH","121","1.22 ETH",455
"ZED RUN","https://opensea.io/collection/zed-run-official","0.0005 WETH","587","11.1K POL",456
"ChronoForge Prospecting Deeds","https://opensea.io/collection/chronoforge-prospecting-deeds","1.98 ETH","1","1.50 ETH",457
"Invasion Pass","https://opensea.io/collection/creepz-invasion-pass","0.0325 ETH","34","1.21 ETH",458
"DRIP DROP  BY DAVE KRUGMAN","https://opensea.io/collection/drip-drop-by-dave-krugman","0.1507 ETH","9","1.22 ETH",459
"Moon Ape Lab Genesis","https://opensea.io/collection/mal-genesis","0.029 ETH","54","1.24 ETH",460
"Subscapes by Matt DesLauriers","https://opensea.io/collection/subscapes-by-matt-deslauriers","1.70 ETH","1","1.29 ETH",461
"Space Riders","https://opensea.io/collection/spaceriders","0.028 ETH","42","1.20 ETH",462
"Fast Food Punks","https://opensea.io/collection/fastfoodpunks","0.1227 ETH","14","1.33 ETH",463
"Babyfit Genesis","https://opensea.io/collection/babyfitgenesis","0.0999 ETH","13","1.29 ETH",464
"Kerberus Cyber Security, Inc.","https://opensea.io/collection/sentinel3","0.30 ETH","6","1.16 ETH",465
"Vanta Club","https://opensea.io/collection/vanta-club","0.233 ETH","8","1.19 ETH",466
"WonderPals","https://opensea.io/collection/wonderpals","0.024 ETH","48","1.18 ETH",467
"Yogapetz","https://opensea.io/collection/yogapetz","0.0224 ETH","45","1.17 ETH",468
"veSONUS","https://opensea.io/collection/vesonus","0.011 ETH","15","1.14 ETH",469
".gm(XNAME on Soneium)","https://opensea.io/collection/gm-xname-on-soneium","0.0022 ETH","633","1.16 ETH",470
"Panana And Frens","https://opensea.io/collection/panana-and-frens","0.0032 ETH","158","1.15 ETH",471
"Mars Cats Voyage","https://opensea.io/collection/marscatsvoyage","0.0226 ETH","63","1.14 ETH",472
"Crypto Trading Cards (1880-1979)","https://opensea.io/collection/crypto-trading-cards-1880-1979","0.1836 ETH","7","1.17 ETH",473
"HYTOPIA Avatars: Genesis","https://opensea.io/collection/hytopia-genesis-avatars","0.0378 ETH","35","1.17 ETH",474
"Psychedelics Anonymous Genesis","https://opensea.io/collection/psychedelics-anonymous-genesis","0.0631 ETH","15","1.13 ETH",475
"swatches by jvmi","https://opensea.io/collection/swatches-by-jvmi","0.0157 ETH","79","1.13 ETH",476
"Illuvium","https://opensea.io/collection/illuvium","0.0066 ETH","13","1.14 ETH",477
"QQL","https://opensea.io/collection/qql","1.00 ETH","2","1.56 ETH",478
"Broadside","https://opensea.io/collection/broadside","0.051 ETH","24","1.10 ETH",479
"Mavia Land","https://opensea.io/collection/mavia-land","0.0331 ETH","27","1.09 ETH",480
"X0X","https://opensea.io/collection/x0x-by-kim-asendorf","0.386 ETH","2","1.20 ETH",481
"Early Retired Cats Club","https://opensea.io/collection/early-retired-cats-club-ercc","0.0387 ETH","34","1.10 ETH",482
"Colorglyphs","https://opensea.io/collection/colorglyphs","0.349 ETH","4","1.47 ETH",483
"Ohayo","https://opensea.io/collection/ohayo-gm","0.042 ETH","20","1.09 ETH",484
"byteGANs","https://opensea.io/collection/bytegans","0.259 ETH","6","1.17 ETH",485
"Zunkz","https://opensea.io/collection/zunkz","0.0122 ETH","6","1.18 ETH",486
"Oekaki Maker","https://opensea.io/collection/oekakimaker","0.0333 ETH","34","1.13 ETH",487
"Dead Avatars","https://opensea.io/collection/deadavatars","0.05 ETH","21","1.17 ETH",488
"BitmapPunks","https://opensea.io/collection/bitmappunks","0.0006 ETH","909","1.08 ETH",489
"BeraBoyz","https://opensea.io/collection/beraboyz-31","60.00 BERA","20","483.00 BERA",490
"Activist Apes","https://opensea.io/collection/activistapes","0.0061 ETH","0","0.00 ETH",491
"10KTF - The Grailed","https://opensea.io/collection/thegrailed","0.04 ETH","27","1.06 ETH",492
"The 140 Collection by Twitter","https://opensea.io/collection/the-140-collection","4.69 ETH","1","1.50 ETH",493
"CreepzDAO","https://opensea.io/collection/creepzdao","0.0254 ETH","46","1.07 ETH",494
"Kekspace: Coal Pepe","https://opensea.io/collection/kekspace-coal","0.368 ETH","4","1.06 ETH",495
"Smol Brains","https://opensea.io/collection/smol-brains","0.0948 ETH","11","1.04 ETH",496
"'MareBears by RSTLSS","https://opensea.io/collection/marebears-rstlss","0.0288 ETH","41","1.05 ETH",497
"Honey Jar (Gen 1)","https://opensea.io/collection/honeyjar","0.0295 ETH","38","1.04 ETH",498
"Mutant Garden Seeder","https://opensea.io/collection/mutant-garden-seeder","1.2498 ETH","1","1.10 ETH",499
"Lasogette","https://opensea.io/collection/lasogette","0.0529 ETH","22","1.04 ETH",500
"CutePuff1ns","https://opensea.io/collection/cutepuff1ns","19.00 APE","328","4,032.92 APE",501
"Notable Pepes","https://opensea.io/collection/notablepepes","0.0007 ETH","30","1.03 ETH",502
"Habbo Portraits","https://opensea.io/collection/habbo-portraits","0.0324 ETH","31","1.02 ETH",503
"Chrono-Wizard Bear","https://opensea.io/collection/chrono-wizard-bear","0.178 ETH","9","1.25 ETH",504
"Moonbirds: Mythics","https://opensea.io/collection/moonbirds-mythics","0.0485 ETH","21","1.03 ETH",505
"MoreKudasai","https://opensea.io/collection/morekudasai","0.58 ETH","2","1.12 ETH",506
"STR8FIRE OG PASS","https://opensea.io/collection/str8fire-og-pass","0.0418 ETH","38","1.07 ETH",507
"test","https://opensea.io/collection/test-xyz-1-z","1.40 ETH","3","1.23 ETH",508
"LOSTPOETS","https://opensea.io/collection/lostpoets","0.0069 ETH","19","1.02 ETH",509
"GameGPT NFT","https://opensea.io/collection/official-gamegpt-nft","0.0131 ETH","84","1.01 ETH",510
"Light Years: Process Works by Dmitri Cherniak","https://opensea.io/collection/light-years-process-works-by-dmitri-cherniak","4.00 ETH","2","1.04 ETH",511
"DNA FIRE Auction","https://opensea.io/collection/dna-fire-auction","—","2","1.00 ETH",512
"Cool Pets NFT","https://opensea.io/collection/coolpetsnft","0.0222 ETH","52","1.06 ETH",513
"Matter*","https://opensea.io/collection/mass-black-matter","0.1289 ETH","5","1.00 ETH",514
"Spells of Genesis (2015 - 2019)","https://opensea.io/collection/spells-of-genesis-curated","0.0138 ETH","25","1.00 ETH",515
"iAgent Genesis Node","https://opensea.io/collection/iagent-genesis-node","0.11 ETH","8","0.99 ETH",516
"Dark Machine VIP Access","https://opensea.io/collection/dark-machine-vip-access","0.0679 ETH","18","1.02 ETH",517
"Meta-morphic: Seven Treasures","https://opensea.io/collection/meta-morphic-seventreasures","0.086 ETH","15","1.05 ETH",518
"ChainZilla","https://opensea.io/collection/chainzilla","40.00 APE","120","3,816.89 APE",519
"WAFUKU GEN","https://opensea.io/collection/wafukugen","0.009 ETH","79","0.96 ETH",520
"The Long Lost","https://opensea.io/collection/the-long-lost","0.0179 ETH","52","0.97 ETH",521
"Zokus By ChainZoku","https://opensea.io/collection/zokusbychainzoku","0.1049 ETH","12","0.95 ETH",522
"GRILLZ GANG","https://opensea.io/collection/grillzgang","0.0296 ETH","43","0.94 ETH",523
"Holy Cows","https://opensea.io/collection/holycows","0.0179 ETH","86","1.04 ETH",524
"Low effort Punks","https://opensea.io/collection/low-effort-punks","0.0333 ETH","30","0.94 ETH",525
"OOGIES","https://opensea.io/collection/oogies","60.00 APE","69","3,628.46 APE",526
"EVMavericks","https://opensea.io/collection/evmavericks","0.548 ETH","2","1.00 ETH",527
"No-Pixelpepen","https://opensea.io/collection/no-pixelpepen","0.0045 ETH","116","0.93 ETH",528
"Living on the Internet","https://opensea.io/collection/living-on-the-internet","0.0198 ETH","2","0.95 ETH",529
"MekaVerse","https://opensea.io/collection/mekaverse","0.022 ETH","42","0.94 ETH",530
"Noun GAN Study","https://opensea.io/collection/noun-gan","1.95 ETH","1","1.11 ETH",531
"BIG","https://opensea.io/collection/big-149","—","36","104.20 AVAX",532
"Victoria VR Lands","https://opensea.io/collection/victoria-vr-lands","0.078 ETH","13","0.92 ETH",533
"bythen chip","https://opensea.io/collection/bythen-chip","0.51 ETH","2","0.99 ETH",534
"Neo Tokyo Punks NFT","https://opensea.io/collection/neo-tokyo-punks-nft","0.1099 ETH","6","0.95 ETH",535
"OG SPunk","https://opensea.io/collection/og-spunk","0.0002 ETH","5,612","0.91 ETH",536
"Pokpok Genesis Flock","https://opensea.io/collection/pokpok-genesis-flock","0.2196 ETH","6","0.92 ETH",537
"The Seekers","https://opensea.io/collection/the-seekers","0.0079 ETH","44","0.90 ETH",538
"Bufficorn Buidl Brigade","https://opensea.io/collection/bufficornbuidlbrigade","0.0289 ETH","27","0.94 ETH",539
"Trump Digital Trading Cards America First 1-of-1 Bonus Collection","https://opensea.io/collection/trump-digital-trading-cards-america-first-1-of-1-b","0.55 WETH","2","8,308.21 POL",540
"Editions x Guido","https://opensea.io/collection/editionsxguido","0.0055 ETH","58","0.99 ETH",541
"MapleStory Universe - Make Special Name","https://opensea.io/collection/msu-name","0.024 AVAX","1,607","98.31 AVAX",542
"Moonfrost","https://opensea.io/collection/moonfrostgame","0.27 ETH","4","0.95 ETH",543
"XCOPY x IWAN///  SCROLL-BID-COLLECT","https://opensea.io/collection/xcopy-x-iwan-scroll-bid-collect","0.1712 ETH","7","0.95 ETH",544
"Super Champs: Racket Rampage Genesis","https://opensea.io/collection/tennis-champs-genesis","0.084 ETH","12","0.94 ETH",545
"Cubhub 3D","https://opensea.io/collection/cubhub-3d-5","9.00 BERA","34","353.11 BERA",546
"AI Art is Not Art by Claire Silver","https://opensea.io/collection/ai-art-is-not-art-claire-silver","0.449 ETH","2","0.93 ETH",547
"Goobaloo","https://opensea.io/collection/goobaloo","27.00 APE","141","3,438.28 APE",548
"Geometry Runners by Rich Lord","https://opensea.io/collection/geometry-runners-by-rich-lord-1","0.175 ETH","6","0.88 ETH",549
"Dragons","https://opensea.io/collection/dragons-ape","24.75 APE","269","3,425.03 APE",550
"Trademark by Jack Butcher","https://opensea.io/collection/trademark-by-jack-butcher","0.0279 ETH","30","0.87 ETH",551
"Fungiball","https://opensea.io/collection/fungiball-1","—","310","8,039.44 POL",552
"Daizen","https://opensea.io/collection/daizen","100.00 APE","46","3,454.29 APE",553
"Friendship Bracelets by Alexis André","https://opensea.io/collection/friendship-bracelets-by-alexis-andre","0.0163 ETH","63","0.87 ETH",554
"Meta Legends","https://opensea.io/collection/meta-legends","0.0345 ETH","39","0.85 ETH",555
"CyberKongz VX","https://opensea.io/collection/cyberkongz-vx","0.088 ETH","10","1,811.63 ETH",556
"Alternate by Kim Asendorf","https://opensea.io/collection/alternate-by-kim-asendorf","0.55 ETH","2","0.92 ETH",557
"Nippy: Magnet for Mischief","https://opensea.io/collection/nippy-official","0.1099 ETH","7","0.87 ETH",558
"Eyes Of Sirris","https://opensea.io/collection/eyes-of-sirris","—","19","3,511.82 APE",559
"BasePaint","https://opensea.io/collection/basepaint","0.001 ETH","548","0.86 ETH",560
"Jimmy","https://opensea.io/collection/jimmy","22.99 APE","149","3,372.98 APE",561
"SMOK3 Genesis Potions","https://opensea.io/collection/smok3-genesis-potions","0.0465 ETH","16","0.85 ETH",562
"Hafftka Declaration of Independence","https://opensea.io/collection/hafftka-declaration-of-independence","0.79 ETH","2","1.00 ETH",563
"Bomefers","https://opensea.io/collection/bomefers","0.0197 ETH","41","0.87 ETH",564
"Jungle Bay","https://opensea.io/collection/junglebay","0.0521 ETH","23","0.85 ETH",565
"Kekspace: Christmas Crackers","https://opensea.io/collection/kekspace","0.1199 ETH","10","0.88 ETH",566
"Ether Cards Founder","https://opensea.io/collection/ether-cards-founder","0.0144 ETH","28","0.84 ETH",567
"Desperate ApeWives","https://opensea.io/collection/desperate-ape-wives","0.0246 ETH","29","0.83 ETH",568
"Cryptoon Goonz","https://opensea.io/collection/cryptoongoonz","0.0552 ETH","15","0.86 ETH",569
"Signature Series by mendezmendez","https://opensea.io/collection/mendezmendez","0.0456 ETH","17","0.86 ETH",570
"Meta Monopoly","https://opensea.io/collection/meta-monopoly","0.0968 ETH","7","0.97 ETH",571
"Matr1x 2061","https://opensea.io/collection/matr1x-2061-1","0.0675 ETH","15","0.82 ETH",572
"Box Light Studies by Zach Lieberman","https://opensea.io/collection/box-light-studies-by-zach-lieberman","0.595 ETH","2","0.96 ETH",573
"Hafftka","https://opensea.io/collection/hafftka721","5.025 ETH","1","1.00 ETH",574
"Parallel Alpha [Base]","https://opensea.io/collection/parallel-on-base","0.0001 ETH","2,863","0.81 ETH",575
"Parallel Aftermath","https://opensea.io/collection/parallel-aftermath","0.0001 ETH","849","0.82 ETH",576
"Ash Chapter Two: Metamorphosis","https://opensea.io/collection/ashmetamorphosis","0.0385 ETH","24","0.81 ETH",577
"Crypto Citizens","https://opensea.io/collection/cryptocitizensofficial","0.0999 ETH","8","0.81 ETH",578
"Oval3","https://opensea.io/collection/oval3-1","0.001 WETH","357","7,294.89 POL",579
"SquiggleDAO Membership","https://opensea.io/collection/squiggledao","0.32 ETH","3","0.87 ETH",580
"Forgotten Runes Ponies","https://opensea.io/collection/forgottenrunesponies","0.2894 ETH","3","0.87 ETH",581
"Meta Mansions by KEYS","https://opensea.io/collection/metamansionsbykeys","0.0545 ETH","26","0.84 ETH",582
"Mochi Circle","https://opensea.io/collection/mochicircle","0.0085 ETH","82","0.77 ETH",583
"The Mounts of Seedworld","https://opensea.io/collection/the-mounts-of-seedworld","0.2188 ETH","4","0.78 ETH",584
"The Saudis","https://opensea.io/collection/thesaudis","0.0262 ETH","30","0.78 ETH",585
"grumpls","https://opensea.io/collection/grumpls","0.0157 ETH","43","0.81 ETH",586
"Nina's Super Cool World","https://opensea.io/collection/super-cool-world","0.035 ETH","16","0.77 ETH",587
"Cybernetic Drift","https://opensea.io/collection/cybernetic-drift","—","16","3,332.86 APE",588
"ORBS by Tristan Rettich","https://opensea.io/collection/orbs-by-tristanrettich","0.35 ETH","4","0.80 ETH",589
"PridePunks 2018","https://opensea.io/collection/pridepunks2018","0.0317 ETH","26","0.77 ETH",590
"VV Artifacts","https://opensea.io/collection/vv-artifacts","0.0007 ETH","79","0.78 ETH",591
"bitGANs","https://opensea.io/collection/bitgans","0.695 ETH","2","0.78 ETH",592
"Wilder Crafts Genesis","https://opensea.io/collection/wilder-crafts-genesis","1.045 ETH","1","0.80 ETH",593
"MaxonBollocks","https://opensea.io/collection/maxonbollocks","0.016 ETH","85","0.86 ETH",594
"Otherside Mara","https://opensea.io/collection/otherside-mara","0.0077 ETH","57","0.75 ETH",595
"X-Droids by Planet-X","https://opensea.io/collection/x-droids-planet-x","0.115 ETH","9","0.78 ETH",596
"PEPE BOY","https://opensea.io/collection/pepe-boy-official","0.0019 ETH","337","0.74 ETH",597
"MOG AURAS","https://opensea.io/collection/mog-auras","0.0329 ETH","22","0.75 ETH",598
"bitbeast","https://opensea.io/collection/bit-beast","0.0099 ETH","62","0.75 ETH",599
"Wolf Game","https://opensea.io/collection/wolf-game","0.0232 ETH","11","0.73 ETH",600
"Killer GF","https://opensea.io/collection/killergf","0.0332 ETH","21","0.77 ETH",601
"Revenants by Alethea AI","https://opensea.io/collection/revenants-by-alethea-ai","0.9989 ETH","1","0.79 ETH",602
"s h a d o w s ~  by m0dest","https://opensea.io/collection/s-h-a-d-o-w-s","0.30 ETH","2","0.76 ETH",603
"Sunflower Land Buds","https://opensea.io/collection/sunflower-land-buds","0.07 WETH","10","6,732.56 POL",604
"MadSkullz","https://opensea.io/collection/madskullz","1.90 AVAX","29","85.33 AVAX",605
"The Watch","https://opensea.io/collection/thewatchcom","0.0034 ETH","89","0.74 ETH",606
"DEGEN","https://opensea.io/collection/degen-ape","21.90 APE","154","2,859.63 APE",607
"Croak Cabal","https://opensea.io/collection/croakables","0.80 ETH","1","0.77 ETH",608
"Gh0stly Gh0sts","https://opensea.io/collection/gh0stlygh0sts","0.0128 ETH","32","0.72 ETH",609
"Lunar Moon Plots","https://opensea.io/collection/wrapped-lunar","0.4627 ETH","2","0.78 ETH",610
"Omnia Items","https://opensea.io/collection/omnia-items","0.0051 ETH","8","0.72 ETH",611
"One to Infinity Club","https://opensea.io/collection/one-to-infinity-club","—","1","1.00 ETH",612
"Finiliar","https://opensea.io/collection/finiliar","0.0197 ETH","38","0.75 ETH",613
"Yes / Yes","https://opensea.io/collection/yes-yes-no","0.002 ETH","404","0.72 ETH",614
"Little Lemon Friends","https://opensea.io/collection/little-lemon-friends","0.0155 ETH","22","0.71 ETH",615
"NEKITO","https://opensea.io/collection/nekito","20.00 APE","128","2,752.90 APE",616
"Beradelic","https://opensea.io/collection/beradelic","0.039 ETH","25","0.74 ETH",617
"Art DeCC0s","https://opensea.io/collection/art-decc0s","0.01 ETH","49","0.72 ETH",618
"Event Horizon by Kim Asendorf","https://opensea.io/collection/event-horizon-by-kim-asendorf","0.625 ETH","2","0.93 ETH",619
"Kumono Shingou by zancan","https://opensea.io/collection/kumono-shingou-by-zancan","0.485 ETH","2","0.98 ETH",620
"Parallel Planetfall","https://opensea.io/collection/parallelplanetfall","0.001 ETH","132","0.70 ETH",621
"Hafftka Homage","https://opensea.io/collection/hafftka-homage","0.16 ETH","15","0.84 ETH",622
"Pop Art Cats","https://opensea.io/collection/popartcats","0.0269 ETH","25","0.72 ETH",623
"Just bricks","https://opensea.io/collection/just-bricks","0.1389 ETH","13","0.72 ETH",624
"The Fungible by Pak","https://opensea.io/collection/the-fungible-by-pak","0.339 ETH","2","0.76 ETH",625
"Creatures","https://opensea.io/collection/creatures","0.03 ETH","29","0.69 ETH",626
"SonePepe","https://opensea.io/collection/sonepepe-1","0.0003 ETH","2,844","0.69 ETH",627
"HeavenComputer","https://opensea.io/collection/heavencomputer","0.0123 ETH","51","0.73 ETH",628
"ZTX Genesis Homes","https://opensea.io/collection/ztx-genesis-homes","0.0397 ETH","18","0.69 ETH",629
"GMX Blueberry Club","https://opensea.io/collection/findgbc","0.0479 ETH","13","0.69 ETH",630
"Edifice by Ben Kovach","https://opensea.io/collection/edifice-by-ben-kovach","0.22 ETH","4","0.76 ETH",631
"LO-FI PEPE","https://opensea.io/collection/lofipepe","0.0359 ETH","20","0.68 ETH",632
"Derby Race : Stadium","https://opensea.io/collection/derbyracestadium","0.0002 ETH","4,257","0.69 ETH",633
"Pudgy Milady","https://opensea.io/collection/pudgy-milady","0.0115 ETH","69","0.68 ETH",634
"Warplets","https://opensea.io/collection/warplets","0.002 ETH","183","0.71 ETH",635
"ZuckBots","https://opensea.io/collection/zuckbots","0.0185 ETH","40","0.71 ETH",636
"Vacation by Roope Rainisto","https://opensea.io/collection/vacation-by-roope-rainisto","0.1977 ETH","5","0.71 ETH",637
"BTChonks","https://opensea.io/collection/btchonks","0.39 ETH","14","0.75 ETH",638
"Real Vision Pro Crypto Genesis Collection","https://opensea.io/collection/real-vision-pro-crypto-genesis-collection","0.281 ETH","4","0.71 ETH",639
"Lost Miners of the Ether","https://opensea.io/collection/lostminers","0.0534 ETH","16","0.71 ETH",640
"CamelsNFT","https://opensea.io/collection/camelsnftio","0.022 ETH","34","0.66 ETH",641
"TinFun","https://opensea.io/collection/TinFunNFT","0.0984 ETH","7","0.65 ETH",642
"Virtuals Land","https://opensea.io/collection/virtuals-land","2.49 ETH","1","0.70 ETH",643
"Wolf Game - Farmer","https://opensea.io/collection/wolf-game-farmer","0.019 ETH","24","0.71 ETH",644
"Honey Bastards","https://opensea.io/collection/honey-bastards","0.0128 ETH","48","0.65 ETH",645
"SELF LOVE","https://opensea.io/collection/self-love-14","—","24","2,701.72 APE",646
"Milk and Cookies by Matt Kane","https://opensea.io/collection/milk-and-cookies-by-matt-kane","0.65 ETH","2","0.80 ETH",647
"Trapped JPEGs by noper","https://opensea.io/collection/trapped-jpegs","0.1399 ETH","7","0.71 ETH",648
"Ghost Lab Collection","https://opensea.io/collection/ghost-lab-collection","0.0189 ETH","40","0.64 ETH",649
"PlayGround","https://opensea.io/collection/playgroundgame","0.0697 ETH","3","0.63 ETH",650
"Planet-X X-Pod","https://opensea.io/collection/x-pod","0.149 ETH","5","0.63 ETH",651
"ECHOES OF THE EARTH BY REFIK ANADOL","https://opensea.io/collection/echoes-of-the-earth-by-refik-anadol","—","1","0.69 ETH",652
"Kuroro Beasts - Trainer Badges","https://opensea.io/collection/kuroro-beasts-badges","0.0625 ETH","8","0.64 ETH",653
"Supreme Bananas","https://opensea.io/collection/supremebananas","0.0847 ETH","12","0.66 ETH",654
"Flower Jet Coin","https://opensea.io/collection/flower-jet-coin","0.50 ETH","6","0.63 ETH",655
"SupDucks","https://opensea.io/collection/supducks","0.0229 ETH","24","0.63 ETH",656
"BURNER by James Bloom","https://opensea.io/collection/burnerbyjamesbloom","0.895 ETH","1","0.90 ETH",657
"League of Kingdoms Drago [Matic]","https://opensea.io/collection/lokdrago-polygon","0.0097 WETH","59","5,753.94 POL",658
"Based Fellas","https://opensea.io/collection/based-fellas","0.0148 ETH","49","0.64 ETH",659
"Anonymice","https://opensea.io/collection/anonymice","0.1029 ETH","8","0.63 ETH",660
"Alpha Gate - Space Nation","https://opensea.io/collection/alphagatespacenation","0.69 ETH","1","0.66 ETH",661
"Planies","https://opensea.io/collection/planies","0.047 ETH","15","0.63 ETH",662
"Netvrk Land","https://opensea.io/collection/netvrkland","0.0339 ETH","10","0.62 ETH",663
"Okay Dogs","https://opensea.io/collection/okay-dogs-4","0.0179 ETH","26","0.66 ETH",664
"Bulls and Apes Project - Genesis","https://opensea.io/collection/bullsandapes-genesis","0.026 ETH","22","0.62 ETH",665
"Chrome by Kim Asendorf & Leander Herzog","https://opensea.io/collection/chromegl","1.00 ETH","1","0.68 ETH",666
"Trusta OG Dragon","https://opensea.io/collection/trusta-og-dragon-1","0.05 ETH","12","0.64 ETH",667
"Chonks","https://opensea.io/collection/chonks","0.0026 ETH","253","0.62 ETH",668
"Twin Tigers Jacket","https://opensea.io/collection/twintigersjacket","0.008 ETH","14","0.61 ETH",669
"RektWolf","https://opensea.io/collection/rekt-wolf-nft","0.062 ETH","17","0.65 ETH",670
"Volted Dragons Sailors Club - VDSC","https://opensea.io/collection/volteddragonssailorsclub","0.1194 ETH","6","0.65 ETH",671
"Mittaria Genesis","https://opensea.io/collection/mittaria-genesis","0.13 ETH","5","0.61 ETH",672
"Star Wolvez Generative","https://opensea.io/collection/starwolvez-generative","0.0154 ETH","49","0.62 ETH",673
"Human Unreadable by Operator","https://opensea.io/collection/human-unreadable-by-operator","0.986 ETH","1","0.64 ETH",674
"Space Nation: Independence44","https://opensea.io/collection/space-nation-independence44","0.1781 ETH","4","0.63 ETH",675
"SERAPH Soul Series","https://opensea.io/collection/seraph-soul-series","0.099 ETH","8","0.63 ETH",676
"Reflection by Pindar Van Arman","https://opensea.io/collection/reflection-by-van-arman-","0.2293 ETH","3","0.64 ETH",677
"Distance by William Mapan","https://opensea.io/collection/distance-by-william-mapan-lacma","0.65 ETH","1","0.64 ETH",678
"AI Imagined Faces : On-Chain by Van Arman","https://opensea.io/collection/aiimaginedfaces-on-chain-by-van-arman","1.00 ETH","2","0.65 ETH",679
"Fontana by Harvey Rayner | patterndotco","https://opensea.io/collection/fontana-by-harvey-rayner-patterndotco","0.389 ETH","2","0.64 ETH",680
"Cytographia by Golan Levin","https://opensea.io/collection/cytographia-by-golan-levin","0.1325 ETH","7","0.63 ETH",681
"Relics by Intuition","https://opensea.io/collection/relics-by-intuition","0.05 ETH","12","0.59 ETH",682
"The LARP Collective.","https://opensea.io/collection/the-larp-collective","0.417 ETH","2","0.63 ETH",683
"Star Wolves Genesis","https://opensea.io/collection/starwolves","1.00 ETH","2","0.70 ETH",684
"Lamborghini Fast ForWorld Revuelto","https://opensea.io/collection/lamborghini-fast-forworld-revuelto","0.022 ETH","29","0.61 ETH",685
"Moonbirds Oddities","https://opensea.io/collection/moonbirds-oddities","0.0448 ETH","11","0.59 ETH",686
"RWOK","https://opensea.io/collection/rwok","0.007 ETH","89","0.59 ETH",687
"Project Atama Genesis","https://opensea.io/collection/projectatamaofficial","0.0755 ETH","9","0.64 ETH",688
"Dokyo","https://opensea.io/collection/dokyo","9.00 AVAX","10","65.66 AVAX",689
"Sneaky Vampire Syndicate","https://opensea.io/collection/sneaky-vampire-syndicate","0.0286 ETH","23","0.61 ETH",690
"The Bornless: Genesis Collection","https://opensea.io/collection/the-bornless","0.16 ETH","4","0.59 ETH",691
"CryptoMories","https://opensea.io/collection/cryptomories","0.0437 ETH","14","0.58 ETH",692
"Card Geek Hall of Fame","https://opensea.io/collection/cardgeeks","0.185 ETH","2","0.60 ETH",693
"Saved Souls","https://opensea.io/collection/savedsouls","0.017 ETH","45","0.57 ETH",694
"Cel Mates by Mcbess","https://opensea.io/collection/cel-mates-by-mcbess","0.02 ETH","29","0.57 ETH",695
"G2","https://opensea.io/collection/glewme","0.001 ETH","30","0.57 ETH",696
"Chimerical Stories by Entangled Others (Sofia Crespo & Feileacan McCormick)","https://opensea.io/collection/chimerical-stories-by-entangled-others-sofia-cresp","0.3148 ETH","3","0.61 ETH",697
"Hedgies","https://opensea.io/collection/hedgies","0.063 ETH","13","0.60 ETH",698
"Chimpdenza","https://opensea.io/collection/chimpdenza","6,969.00 APE","1","3K APE",699
"Nexus Gaming Lifetime Pass","https://opensea.io/collection/nexus-gaming-lifetime-pass","0.1164 ETH","7","0.64 ETH",700
"Neo Tokyo Champion Chips","https://opensea.io/collection/neo-tokyo-champion-chips","2.50 ETH","1","0.75 ETH",701
"Pigments by Darien Brito","https://opensea.io/collection/pigments-by-darien-brito","0.31 ETH","2","0.63 ETH",702
"Wall St Bulls","https://opensea.io/collection/wall-street-bulls","0.05 ETH","17","0.62 ETH",703
"Keungz Genesis","https://opensea.io/collection/keungz-genesis","0.64 ETH","1","0.64 ETH",704
"Jungle Party","https://opensea.io/collection/webera-jungle-party-nfts","0.0126 ETH","51","0.57 ETH",705
"lobsterdao","https://opensea.io/collection/lobsterdao","0.19 ETH","3","0.58 ETH",706
"The Merge: Regenesis","https://opensea.io/collection/merge-regenesis","0.0007 ETH","725","0.57 ETH",707
"Cigawrette Packs","https://opensea.io/collection/cigawrettepacks","0.0205 ETH","30","0.56 ETH",708
"E30D by glitch gallery","https://opensea.io/collection/e30d-by-glitch-gallery","0.0095 ETH","9","0.60 ETH",709
"The Buns","https://opensea.io/collection/thebunbuns","0.0248 ETH","27","0.56 ETH",710
"Bucked Blown","https://opensea.io/collection/bucked-blown","0.0117 ETH","42","0.56 ETH",711
"Runi","https://opensea.io/collection/runi","0.095 ETH","4","0.59 ETH",712
"Genesis by DCA","https://opensea.io/collection/genesis-by-dca","1.29 ETH","1","0.66 ETH",713
"Createra Genesis Land","https://opensea.io/collection/createra-genesis-land","0.026 ETH","10","0.58 ETH",714
"KOR Protocol Founders Pass","https://opensea.io/collection/kor-protocol-founders-pass","0.0282 ETH","25","0.56 ETH",715
"Coolman's Universe","https://opensea.io/collection/coolmans-universe","0.0222 ETH","28","0.58 ETH",716
"Yogurt Verse","https://opensea.io/collection/yogurt-verse","0.1949 ETH","3","0.60 ETH",717
"Arbitrum Odyssey NFT","https://opensea.io/collection/arbitrum-odyssey-nft","< 0.0001 ETH","558","0.55 ETH",718
"Hornee Beras","https://opensea.io/collection/hornee-beras-smilee","0.38 ETH","2","0.58 ETH",719
"San FranTokyo Genesis Pass","https://opensea.io/collection/sft-genesis-pass","0.055 ETH","13","0.55 ETH",720
"ACK EDITIONS","https://opensea.io/collection/ackeditions","0.0333 ETH","2","0.60 ETH",721
"Thorchain Collectibles","https://opensea.io/collection/thorchain-collectibles","0.0476 ETH","3","0.60 ETH",722
"Reppodant - Genesis Collection","https://opensea.io/collection/reppodant","0.0327 ETH","20","0.55 ETH",723
"Hafftka's Bullpen","https://opensea.io/collection/hafftkas-bullpen","0.469 ETH","1","0.67 ETH",724
"Letters by Vinnie Hager","https://opensea.io/collection/letters-by-vinnie-hager","0.348 ETH","3","0.56 ETH",725
"LinksDAO Champions","https://opensea.io/collection/linksdao-champions","0.0112 ETH","63","0.54 ETH",726
"The Ancients of Holdara","https://opensea.io/collection/holdaranancients","0.0215 ETH","26","0.53 ETH",727
"Automatism by Yazid","https://opensea.io/collection/automatism-by-yazid","0.3375 ETH","3","0.60 ETH",728
"Castle Crush","https://opensea.io/collection/castle-crush-avax","0.001 AVAX","221","59.30 AVAX",729
"Petal Apes","https://opensea.io/collection/petal-apes","97.00 APE","39","2,183.98 APE",730
"Tears of Normies","https://opensea.io/collection/tears-of-normies","96.90 APE","45","2,120.41 APE",731
"The Rapture by Wubbushi","https://opensea.io/collection/the-rapture-by-wubbushi-2","0.19 ETH","4","0.56 ETH",732
"In Utero by Kevin Esherick","https://opensea.io/collection/in-utero-by-kevin-esherick","0.60 ETH","1","0.58 ETH",733
"Mind FHEellow","https://opensea.io/collection/mindnetwork2025","0.0001 WETH","803","4,741.04 POL",734
"Bobu, the Bean Farmer","https://opensea.io/collection/bobutoken","0.0066 ETH","43","0.52 ETH",735
"Calamity: Artifacts","https://opensea.io/collection/calamity-artifacts-official","0.0419 ETH","9","0.57 ETH",736
"DigitalArtCollective","https://opensea.io/collection/digitalartcollective-v7","0.4899 ETH","3","0.53 ETH",737
"AIPES NFT","https://opensea.io/collection/aipesnft","0.0249 ETH","24","0.51 ETH",738
"RTFKT Project Animus","https://opensea.io/collection/rtfkt-project-animus","0.0117 ETH","28","0.52 ETH",739
"Agoria {Comp-nd} x [ L ] Market","https://opensea.io/collection/agoria-comp-nd-x-l-market","0.0185 ETH","25","0.51 ETH",740
"based puppets","https://opensea.io/collection/basedpuppets","0.0089 ETH","60","0.52 ETH",741
"The Forgotten Runes Infinity Veil","https://opensea.io/collection/infinityveil","0.425 ETH","2","0.63 ETH",742
"Switch Headz Gang (onBase)","https://opensea.io/collection/switch-headz-gang-onbase","0.0022 ETH","185","0.50 ETH",743
"BearsOnTheBlock","https://opensea.io/collection/bearsontheblock","0.0133 ETH","48","0.51 ETH",744
"PartyBear","https://opensea.io/collection/partybear","0.0539 ETH","11","0.53 ETH",745
"VOX Collectibles: Town Star","https://opensea.io/collection/collectvoxtownstar","0.0275 ETH","18","0.55 ETH",746
"CULT UTOPIAN MONKEY","https://opensea.io/collection/cult-utopian-monkey","10K APE","16","2,314.55 APE",747
"Oh Ottie!","https://opensea.io/collection/oh-ottie","0.0359 ETH","9","0.50 ETH",748
"Imaginary Rides","https://opensea.io/collection/imaginary-rides","0.014 ETH","40","0.52 ETH",749
"LiveArt Pass","https://opensea.io/collection/liveart-pass","0.0492 ETH","17","0.55 ETH",750
"sh/apes","https://opensea.io/collection/sh-apes","220.00 APE","14","2,110.01 APE",751
"Frostbyte","https://opensea.io/collection/frostbyte-ape","100.00 APE","38","1,907.64 APE",752
"FLUF World: Thingies","https://opensea.io/collection/fluf-world-thingies","0.0299 ETH","19","0.51 ETH",753
"Anomaly Genesis Passport","https://opensea.io/collection/anomaly-genesis-passports","0.0599 ETH","9","0.49 ETH",754
"The SpaceApe","https://opensea.io/collection/thespaceape","—","5","4,795.00 POL",755
"RILLAZ","https://opensea.io/collection/rillaz-ape","23.00 APE","90","1,938.57 APE",756
"Soneium Punks 💿","https://opensea.io/collection/soneium-punks-1","0.0003 ETH","666","0.49 ETH",757
"daily.xyz","https://opensea.io/collection/daily-xyz","0.0488 ETH","10","0.53 ETH",758
"Ready Player Club","https://opensea.io/collection/ready-player-club","0.1745 ETH","3","0.49 ETH",759
"Kubz","https://opensea.io/collection/kubz","0.0145 ETH","34","0.49 ETH",760
"MetaFans Genesis Collection","https://opensea.io/collection/metafans-collection","0.0156 ETH","28","0.51 ETH",761
"DOGAMI","https://opensea.io/collection/dogami","0.0099 WETH","16","4,449.94 POL",762
"Squares by Martin Grasser","https://opensea.io/collection/squares-by-martin-grasser","0.69 ETH","2","0.70 ETH",763
"Ape Hater Club","https://opensea.io/collection/apehaterclub","0.0072 ETH","68","0.48 ETH",764
"Leetizens","https://opensea.io/collection/leetizens","—","24","0.60 ETH",765
"Shredding Sassy - Base","https://opensea.io/collection/shredding-sassy-base","0.0189 ETH","21","0.48 ETH",766
"Mintify Blast Keys","https://opensea.io/collection/mintify-blast-keys","0.0093 ETH","6","0.47 ETH",767
"Impostors Genesis UFOs","https://opensea.io/collection/impostors-ufo","0.029 ETH","12","0.48 ETH",768
"Consortium Key","https://opensea.io/collection/consortium-key","0.1749 ETH","4","0.51 ETH",769
"BeracPOL2","https://opensea.io/collection/beracpol2-3","0.02 ETH","26","0.48 ETH",770
"Anonthology","https://opensea.io/collection/anonthology","0.0235 ETH","19","0.47 ETH",771
"Based OnChain Dinos","https://opensea.io/collection/based-onchain-dinos","0.039 ETH","21","0.51 ETH",772
"Doodles Packs","https://opensea.io/collection/doodles-packs","0.001 ETH","274","0.47 ETH",773
"MetaHero: Generative Identities","https://opensea.io/collection/metahero-generative","0.0369 ETH","13","0.46 ETH",774
"Bricktopians by Law Degree","https://opensea.io/collection/bricktopians-by-law-degree","0.0346 ETH","16","0.47 ETH",775
"Yield Hacker Pass YHP - Caio Vicentino","https://opensea.io/collection/yield-hacker-pass-yhp","0.1196 ETH","5","0.47 ETH",776
"duds","https://opensea.io/collection/duds","15.00 APE","184","1,839.70 APE",777
"Poglin: Nycra","https://opensea.io/collection/poglin","0.025 ETH","22","0.46 ETH",778
"merge.","https://opensea.io/collection/m","0.0549 ETH","7","0.47 ETH",779
"RKL Rookies","https://opensea.io/collection/rkl-rookies","0.0157 ETH","31","0.47 ETH",780
"Quantum Memories - Noise","https://opensea.io/collection/quantum-memories-noise-abc","0.3434 ETH","3","0.57 ETH",781
"Apparitions by Aaron Penne","https://opensea.io/collection/apparitions-by-aaron-penne","0.0712 ETH","8","0.51 ETH",782
"Smoke and Mirrors by Bakeland","https://opensea.io/collection/smoke-and-mirrors-bakeland","0.0315 ETH","26","0.49 ETH",783
"President Trump","https://opensea.io/collection/president-trump-17","11.00 ETH","349","0.46 ETH",784
"Goldmilio","https://opensea.io/collection/goldmilio","0.2625 ETH","2","0.48 ETH",785
"Honey Jar (Gen 2)","https://opensea.io/collection/honeyjar-gen-2","0.017 ETH","28","0.45 ETH",786
"Decoherence by Van Arman","https://opensea.io/collection/decoherence-by-van-arman","0.76 ETH","1","0.56 ETH",787
"Moonbears NFT","https://opensea.io/collection/moonbears-nft","0.0497 ETH","11","0.46 ETH",788
"VOX Collectibles: Mirandus","https://opensea.io/collection/collectvoxmirandus","0.0261 ETH","7","0.48 ETH",789
"IlluminatiNFT Passes","https://opensea.io/collection/illuminatinft-passes","0.003 ETH","5","0.46 ETH",790
"Damien Hirst - Great Expectations","https://opensea.io/collection/great-expectations","0.092 ETH","7","0.46 ETH",791
"PrimeApePlanet","https://opensea.io/collection/primeapeplanet-base","0.063 ETH","8","0.46 ETH",792
"Barefoot Pirates","https://opensea.io/collection/barefootpirates","0.26 ETH","3","0.47 ETH",793
"BredApeYuriClub","https://opensea.io/collection/bredapeyuriclub","0.001 ETH","446","0.50 ETH",794
"SuperFarm Genesis Series","https://opensea.io/collection/superfarm","0.0138 ETH","14","0.48 ETH",795
"Metaverse HQ","https://opensea.io/collection/metaverse-hq","0.1088 ETH","5","0.44 ETH",796
"Robotos","https://opensea.io/collection/robotos-official","0.0139 ETH","23","0.44 ETH",797
"The NFTBirds","https://opensea.io/collection/bit-birds","0.0199 ETH","17","0.48 ETH",798
"Screens by Thomas Lin Pedersen","https://opensea.io/collection/screens-by-thomas-lin-pedersen","0.385 ETH","2","0.58 ETH",799
"BullsOnTheBlock Evo","https://opensea.io/collection/bullsontheblock-evo","0.0097 ETH","20","0.44 ETH",800
"OlimpoPass","https://opensea.io/collection/0xolimpo","0.2198 ETH","2","0.45 ETH",801
"HoneyJar Gen 4","https://opensea.io/collection/honeyjar-gen-4","0.0158 ETH","28","0.44 ETH",802
"The Farmors","https://opensea.io/collection/the-farmors-1","—","30","4,626.54 SEI",803
"KILLABITS","https://opensea.io/collection/killabits","0.0228 ETH","20","0.44 ETH",804
"Watercolor Dreams by NumbersInMotion","https://opensea.io/collection/watercolor-dreams-by-numbersinmotion","0.1974 ETH","4","0.47 ETH",805
"Based Mfers","https://opensea.io/collection/based-mfers-3","0.0034 ETH","110","0.43 ETH",806
"Godthic","https://opensea.io/collection/godthic","0.10 ETH","5","0.54 ETH",807
"Shishi","https://opensea.io/collection/shishi520","0.0289 ETH","19","0.42 ETH",808
"FoxFam","https://opensea.io/collection/foxfam","0.0117 ETH","35","0.43 ETH",809
"Kuroro Beasts - Ferry Tickets","https://opensea.io/collection/kuroro-ferry-tickets","0.1447 ETH","4","0.46 ETH",810
"Zokio","https://opensea.io/collection/zokionft","0.0213 ETH","20","0.43 ETH",811
"A MUTANT KID","https://opensea.io/collection/a-mutant-kid","6.00 APE","232","1,675.59 APE",812
"Parallel Battle Pass Cards","https://opensea.io/collection/parallel-battlepass-cards","0.001 ETH","14","0.42 ETH",813
"Loot (for Adventurers)","https://opensea.io/collection/lootproject","0.11 ETH","4","0.43 ETH",814
"Akutars","https://opensea.io/collection/akutars","0.024 ETH","18","0.42 ETH",815
"trevorjonesart","https://opensea.io/collection/trevorjonesart","0.0649 ETH","3","0.46 ETH",816
"Kanpai Pandas","https://opensea.io/collection/kanpai-pandas-arbi","0.4585 ETH","1","0.46 ETH",817
"DeSciWorld Microbes","https://opensea.io/collection/desciworldmicrobes","0.0798 ETH","9","0.43 ETH",818
"Soneium Jimmy","https://opensea.io/collection/soneium-jimmy","—","558","0.41 ETH",819
"The Warlords of Champions Tactics","https://opensea.io/collection/thewarlords","0.0098 ETH","40","0.42 ETH",820
"Mint Genesis NFT","https://opensea.io/collection/mint-genesis-nft","0.003 ETH","172","0.42 ETH",821
"Beradeluna","https://opensea.io/collection/beradeluna","0.039 ETH","13","0.43 ETH",822
"Element Pass Standard","https://opensea.io/collection/element-pass-standard","0.0086 ETH","64","0.45 ETH",823
"eduworlds","https://opensea.io/collection/eduworlds","0.05 ETH","12","0.43 ETH",824
"DVDA The Cult","https://opensea.io/collection/dvda","0.0987 ETH","11","0.45 ETH",825
"Founder Vaults","https://opensea.io/collection/founder-vaults","0.50 ETH","1","0.50 ETH",826
"1337 skulls","https://opensea.io/collection/1337-skulls","0.0254 ETH","16","0.41 ETH",827
"Pixelmon Trainers - Generation 1","https://opensea.io/collection/trainersgen1","0.0375 ETH","11","0.41 ETH",828
"Gutter Dogs","https://opensea.io/collection/gutterdogs","0.0374 ETH","10","0.41 ETH",829
"Burgers?","https://opensea.io/collection/burgers-by-stonetoss","0.0047 ETH","95","0.43 ETH",830
"Bruuvvprint by Memeswap","https://opensea.io/collection/bruuvvprint-berachain","111.00 BERA","4","149.90 BERA",831
"Monktardio","https://opensea.io/collection/monktardio-1","6.88 APE","311","1,551.20 APE",832
"The Bear and Bull NFT Phase Two","https://opensea.io/collection/phasetwo","0.0339 ETH","13","0.40 ETH",833
"Satori","https://opensea.io/collection/satori-by-roots","0.0121 ETH","39","0.40 ETH",834
"Utility Wen","https://opensea.io/collection/utilitywen","0.0099 ETH","28","0.41 ETH",835
"Ether","https://opensea.io/collection/ether","0.015 ETH","35","0.39 ETH",836
"Soneium HypoDrop : OG badge","https://opensea.io/collection/soneium-hypodrop-og-badge","0.001 ETH","368","0.39 ETH",837
"Lives of Asuna","https://opensea.io/collection/livesofasuna","0.0208 ETH","17","0.40 ETH",838
"EGGRYPTO Monsters","https://opensea.io/collection/eggryptomonster-1","0.006 WETH","8","3,548.01 POL",839
"nonon","https://opensea.io/collection/nonon-house","0.0149 ETH","28","0.39 ETH",840
"Soneium Zillas","https://opensea.io/collection/soneium-zillas","—","320","0.39 ETH",841
"Void Thoughts","https://opensea.io/collection/void-thoughts","—","1","0.55 ETH",842
"Walker World: Genesis Walkers","https://opensea.io/collection/walkerworldgenesiswalkers","0.0336 ETH","13","0.39 ETH",843
"TABZ NFT","https://opensea.io/collection/tabz","0.0129 ETH","18","0.39 ETH",844
"SubwayRats","https://opensea.io/collection/subwayrats","0.003 ETH","137","0.39 ETH",845
"Forgotten Runes Warriors Guild","https://opensea.io/collection/forgottenruneswarriorsguild","0.0215 ETH","14","0.41 ETH",846
"FAKE IT TILL YOU MAKE IT by Maya Man","https://opensea.io/collection/fake-it-till-you-make-it-by-maya-man","0.175 ETH","3","0.55 ETH",847
"milady aura","https://opensea.io/collection/miladyaura","0.0798 ETH","5","0.40 ETH",848
"Zeeverse: Genesis Masks","https://opensea.io/collection/zeeverse-masks","0.0894 ETH","5","0.41 ETH",849
"AXIUM - Parallel City Land","https://opensea.io/collection/axium-land","0.01 ETH","48","0.41 ETH",850
"sail-o-bots by sturec","https://opensea.io/collection/sail-o-bots-by-sturec","0.4689 ETH","1","0.47 ETH",851
"tiny based frogs","https://opensea.io/collection/tinybasedfrogs","0.137 ETH","4","0.40 ETH",852
"Ghost Boy","https://opensea.io/collection/ghost-boy-lives","0.008 ETH","38","0.39 ETH",853
"retart","https://opensea.io/collection/retarted","0.10 ETH","4","0.40 ETH",854
"Not a Punks Cult","https://opensea.io/collection/not-a-punks-cult","25.00 APE","91","1,494.98 APE",855
"Geode Goddess","https://opensea.io/collection/geode-goddess","355.00 APE","14","1,554.00 APE",856
"oSnipe Genesis Pass","https://opensea.io/collection/osnipe","0.418 ETH","1","0.42 ETH",857
"Autoscope by Erik Swahn","https://opensea.io/collection/autoscope-by-erik-swahn","0.1937 ETH","6","0.47 ETH",858
"Tenset TGLP Genesis","https://opensea.io/collection/tglp-genesis","0.2376 ETH","2","0.40 ETH",859
"Paper Armada by Kjetil Golid","https://opensea.io/collection/paper-armada-by-kjetil-golid","0.065 ETH","11","0.41 ETH",860
"GENESIS 108","https://opensea.io/collection/lora-of-flower-garden-22","—","1","0.45 ETH",861
"Imaginary Artifacts","https://opensea.io/collection/imaginary-artifacts","0.0046 ETH","54","0.38 ETH",862
"AlgoRhythms by Han x Nicolas Daniel","https://opensea.io/collection/algorhythms-by-han-x-nicolas-daniel","0.1569 ETH","3","0.40 ETH",863
"Lazy Ape Official","https://opensea.io/collection/official-lazyapes","0.017 ETH","17","0.37 ETH",864
"Sprotoladys","https://opensea.io/collection/sprotolady","0.0164 ETH","29","0.39 ETH",865
"Chumps","https://opensea.io/collection/chumps-ape","30.00 APE","58","1,435.23 APE",866
"JNGL","https://opensea.io/collection/jnglnft","0.0179 ETH","34","0.39 ETH",867
"Soundscape Avatar Accessory Marketplace","https://opensea.io/collection/soundscape-avatar-accessory-marketplace","0.04 ETH","12","0.39 ETH",868
"FACETS-X by XCOPY & SPELL","https://opensea.io/collection/facetsx","0.1995 ETH","3","0.40 ETH",869
"Chibi BERA","https://opensea.io/collection/chibi-bera-8","0.0289 ETH","20","0.44 ETH",870
"XC Market Wizard","https://opensea.io/collection/xc-market-wizard","0.50 ETH","1","0.39 ETH",871
"Shrapnel Operators Collection","https://opensea.io/collection/shrapnel-operators-collection","0.0219 ETH","16","0.37 ETH",872
"Spellborne Monsters","https://opensea.io/collection/spellborne-monsters","0.027 ETH","13","0.37 ETH",873
"Primapes","https://opensea.io/collection/primapes-alpha","0.1149 ETH","8","0.40 ETH",874
"Astrobot Society by Token Metrics","https://opensea.io/collection/astrobot-society-by-token-metrics","0.0228 ETH","9","0.37 ETH",875
"Genesis Curry Flow","https://opensea.io/collection/genesis-curry-flow","0.003 WETH","2","3,616.34 POL",876
"podGANs by Pindar Van Arman","https://opensea.io/collection/podgans-by-pindar-van-arman","0.494 ETH","1","0.39 ETH",877
"[ Ledger ] Market – Black-on-Black Nano X","https://opensea.io/collection/ledger-market-black-on-black-nano-x","0.0448 ETH","10","0.38 ETH",878
"BASED MINIS","https://opensea.io/collection/based-minis-1","0.007 ETH","55","0.38 ETH",879
"[ Ledger ] Market – Ledger Stax","https://opensea.io/collection/ledger-market-ledger-stax","0.142 ETH","3","0.39 ETH",880
"JRNY Club","https://opensea.io/collection/jrny-club-official","0.1238 ETH","3","0.38 ETH",881
"Bad Baby Dinos","https://opensea.io/collection/bad-baby-dinos","0.0171 ETH","36","0.43 ETH",882
"Moonshot by Violetta Zironi","https://opensea.io/collection/moonshot-music-nft","0.0491 ETH","7","0.39 ETH",883
"paracosm by Claire Silver","https://opensea.io/collection/paracosm-by-claire-silver","0.939 ETH","1","0.44 ETH",884
"BoringPunks","https://opensea.io/collection/boringpunksnft","0.0082 ETH","51","0.36 ETH",885
"Chumbi Genesis","https://opensea.io/collection/chumbivalley","0.049 WETH","7","3,434.30 POL",886
"Castaways - The Islands II","https://opensea.io/collection/castaways-the-islands-2","0.0089 ETH","34","0.37 ETH",887
"Melancholic Magical Maiden by Emi Kusano","https://opensea.io/collection/melancholic-magical-maiden-by-emi-kusano","0.0975 ETH","8","0.37 ETH",888
"League of Kingdoms Land (Ethereum)","https://opensea.io/collection/lokland","0.015 ETH","15","0.37 ETH",889
"FEWOCiOUS x FewoWorld: Canvas","https://opensea.io/collection/fewoworld-canvas","0.043 ETH","14","0.37 ETH",890
"The Collision by Pak & Trevor Jones","https://opensea.io/collection/pak-x-trevor-jones","0.15 ETH","2","0.38 ETH",891
"EON RIFT Genesis","https://opensea.io/collection/eon-rift-genesis","0.0188 ETH","16","0.38 ETH",892
"Fifty50","https://opensea.io/collection/fifty50-ape","420.00 APE","10","1,589.00 APE",893
"Voxels (formerly Cryptovoxels)","https://opensea.io/collection/cryptovoxels","0.069 ETH","6","0.37 ETH",894
"Descent by Andreas Gysin","https://opensea.io/collection/descent-by-andreas-gysin","2.00 ETH","2","0.40 ETH",895
"BITFRAMES – 32 BIT EDITION","https://opensea.io/collection/bitframes-32-bit-edition","1.00 ETH","1","0.45 ETH",896
"Neo Tokyo Part 2: Vault Cards","https://opensea.io/collection/neo-tokyo-part-2-vault-cards","0.39 ETH","1","0.39 ETH",897
"Monument by Hideki Tsukamoto","https://opensea.io/collection/monument-by-hideki-tsukamoto","0.22 ETH","2","0.46 ETH",898
"Wassieverse Plushies","https://opensea.io/collection/wassieverse-plush","0.299 ETH","2","0.38 ETH",899
"Brain Loops by Gene Kogan","https://opensea.io/collection/brain-loops-by-gene-kogan","0.238 ETH","2","0.37 ETH",900
"remote control","https://opensea.io/collection/remote-control-ripcache","0.42 ETH","1","0.42 ETH",901
"Entangled","https://opensea.io/collection/entangled-3","0.0983 ETH","8","0.37 ETH",902
"FRAY","https://opensea.io/collection/fray-8","—","2","1,399.87 APE",903
"POG®: Proof Of Greatness","https://opensea.io/collection/proof-of-greatness","—","1","0.40 ETH",904
